word,chinese_learner_error,error_type,correction,ai_recognition_notes,evidence_tag
significant,"equal stress across syllables (Part IV Ch.2 Mistake 1)",stress,"exaggerate stress on syllable 2 during drilling","stress-shifted production risks Content mismatch",Hypothesis
approach,"diphthong monophthongization (Part IV Ch.5 Mistake 2)",vowel,"exaggerate the /oʊ/ glide","collapsed diphthong may lower Pronunciation band without changing Content",Hypothesis
environment,"v→w substitution (Part IV Ch.1 Mistake 2)",consonant,"drill /v/ (teeth-on-lip friction) vs /w/ (rounded lips)","v→w risks Content mismatch if word identity shifts",Hypothesis
individual,"v→w substitution; equal stress (Part IV Ch.1 Mistake 2, Ch.2 Mistake 1)","consonant, stress","mark primary/secondary stress explicitly before shadowing","flattened stress on a 5-syllable word raises unintelligibility risk",Hypothesis
establish,"consonant cluster simplification (Part IV Ch.1 Mistake 4)",consonant,"practice final cluster as one continuous sequence, no inserted vowel","dropped final consonant risks Content substitution",Hypothesis
particular,"rhotic vowel under-production",vowel,"drill both /ər/ syllables in sequence","flattened rhotic vowel is mainly a Pronunciation-band issue",Hypothesis
specific,"initial-cluster epenthesis (extension of Part IV Ch.1 Mistake 4 to onset position)",consonant,"practice /sp-/ as a single unbroken onset","inserted vowel may register as an insertion error under Content",Hypothesis
available,"v→w substitution; syllable-final /l/ weakening (Part IV Ch.1 Mistakes 2 and 5)","consonant","drill final /-bəl/ maintaining full alveolar contact","two compounding error sources raise combined Content risk",Hypothesis
consistent,"consonant cluster simplification (Part IV Ch.1 Mistake 4)",consonant,"drill /st/ and /nt/ clusters separately then combined","cluster simplification is mainly a Pronunciation-band issue here",Hypothesis
previous,"v→w substitution (Part IV Ch.1 Mistake 2)",consonant,"drill /v/ in isolation before the full word","low Content risk; primarily Pronunciation-band",Hypothesis
research,"noun/verb stress-pair confusion (Part II Ch.4)",stress,"drill both stress patterns, noting which usage requires which","wrong stress pattern for the grammatical form risks Content mismatch",Hypothesis
analysis,"wrong-syllable stress (Part IV Ch.2 Mistake 3)",stress,"contrast singular/plural stress and vowel quality","misplaced stress risks sounding like an unintended word form",Hypothesis
therefore,"ð→d/z substitution (Part IV Ch.1 Mistake 1)",consonant,"drill /ð/ tongue-between-teeth explicitly","high-frequency discourse marker; substitution recurs and compounds",Hypothesis
however,"diphthong monophthongization (Part IV Ch.5 Mistake 2)",vowel,"exaggerate /aʊ/ glide before natural-speed shadowing","frequent discourse marker; recurring error compounds across a response",Hypothesis
although,"ð→d/z substitution; diphthong monophthongization (Part IV Ch.1 Mistake 1, Ch.5 Mistake 2)","consonant, vowel","drill /ð/ and /oʊ/ glide separately then combined","two compounding error sources in one short high-frequency word",Hypothesis
develop,"v→w substitution; final consonant deletion (Part IV Ch.1 Mistakes 2 and 3)",consonant,"hold final /p/ closure without releasing into a vowel","dropped final /p/ risks Content mismatch in connected speech",Hypothesis
require,"rhotic vowel and diphthong-length patterns (Part II Ch.3, Part IV Ch.5)",vowel,"drill the /aɪər/ sequence slowly then at natural speed","primarily Pronunciation-band; low Content risk",Hypothesis
necessary,"under-reduction of unstressed vowels (Part II Ch.7, Part IV Ch.3 Mistake 2)","rhythm","drill the reduced medial syllable against a native reference","over-long version risks an Oral Fluency/rhythm penalty",Hypothesis
various,"v→w substitution (Part IV Ch.1 Mistake 2)",consonant,"drill initial /v/ before the full word","low Content risk; primarily Pronunciation-band",Hypothesis
characteristic,"equal stress across syllables given word length (Part IV Ch.2 Mistake 1)",stress,"break into syllable groups, drill with clear primary stress","longer low-frequency-stress words carry compounded Content/Pronunciation risk",Hypothesis
demonstrate,"consonant cluster simplification (Part IV Ch.1 Mistake 4)",consonant,"drill '-nstr-' as a continuous sequence","simplified medial cluster risks Content substitution",Hypothesis
considerable,"syllable-final /l/ weakening (Part IV Ch.1 Mistake 5)",consonant,"drill final '-rəbəl' maintaining full alveolar contact for /l/","dropped final /l/ risks confusion with an incomplete word",Hypothesis
substantial,"consonant cluster simplification; syllable-final /l/ weakening (Part IV Ch.1 Mistakes 4 and 5)","consonant","drill '-bst-' and final '-ʃəl' separately","two compounding error-prone segments raise combined risk",Hypothesis
phenomenon,"equal stress given word length (Part IV Ch.2 Mistake 1)",stress,"drill singular/plural forms side by side with explicit stress","singular/plural confusion compounds with stress errors",Hypothesis
hypothesis,"θ→s substitution; wrong-syllable stress (Part IV Ch.1 Mistake 1, Ch.2 Mistake 3)","consonant, stress","drill /θ/ tongue-between-teeth explicitly","does not create a different real word, so mainly Pronunciation-band risk",Hypothesis
methodology,"θ→s substitution; equal stress given word length (Part IV Ch.1 Mistake 1, Ch.2 Mistake 1)","consonant, stress","break into syllable groups, drill /θ/ separately, then combine with correct stress","length plus two error-prone features make this high-value to drill",Hypothesis
comprehensive,"consonant cluster simplification; coda /v/ affected by Mandarin's lack of /v/ (extension of Part IV Ch.1 Mistake 4, Mistake 2 to coda position)","consonant","drill '-mpr-' and final /v/ separately","coda-position /v/ claim is a reasoned extension pending direct research",Hypothesis
inevitable,"v→w substitution; syllable-final /l/ weakening (Part IV Ch.1 Mistakes 2 and 5)","consonant","drill /v/ and final '-bəl' separately","combined risk from two documented error patterns in one word",Hypothesis
subsequent,"consonant cluster simplification (Part IV Ch.1 Mistake 4)",consonant,"drill '-bs-' and '-kw-' separately","primarily a Pronunciation-band risk; low Content risk",Hypothesis
approximately,"consonant cluster simplification; equal stress given word length (Part IV Ch.1 Mistake 4, Ch.2 Mistake 1)","consonant, stress","break into syllable groups, drill each cluster separately","high frequency in data-reporting contexts makes this high-value to drill",Hypothesis
determine,"rhotic-vowel under-production (Part II Ch.3)",vowel,"drill /ɜːr/ before shadowing the full word","primarily a Pronunciation-band item; low Content risk",Hypothesis
increase,"noun/verb stress-pair confusion (Part II Ch.4)",stress,"drill both stress patterns, identifying grammatical role first","wrong stress for grammatical role risks Content mismatch",Hypothesis
decrease,"noun/verb stress-pair confusion (Part II Ch.4)",stress,"drill against increase as a paired minimal-stress-contrast set","same mechanism as increase: wrong stress risks Content mismatch",Hypothesis
context,"consonant cluster simplification (Part IV Ch.1 Mistake 4)",consonant,"drill final '-kst' as one continuous sequence","dropped cluster member risks Content substitution given short word length",Hypothesis
concept,"consonant cluster simplification (Part IV Ch.1 Mistake 4)",consonant,"drill final '-pt' without an inserted vowel","primarily a Pronunciation-band risk",Hypothesis
structure,"initial-cluster epenthesis (extension of Part IV Ch.1 Mistake 4 to onset position)",consonant,"drill '-str-' as a single unbroken onset","inserted vowel risks an extra syllable being detected as Content insertion",Hypothesis
function,"consonant cluster simplification (Part IV Ch.1 Mistake 4)",consonant,"drill '-ŋk-' as a continuous nasal-to-stop transition","primarily a Pronunciation-band risk; low Content risk",Hypothesis
process,"spelling-based mispronunciation (illustrates Part II Ch.1)",vowel,"verify vowel against dictionary IPA rather than reading from spelling","does not create a different real word; likely Pronunciation-band only",Hypothesis
factor,"consonant cluster simplification (Part IV Ch.1 Mistake 4)",consonant,"drill '-kt-' as a continuous sequence","primarily a Pronunciation-band risk",Hypothesis
variable,"v→w substitution; syllable-final /l/ weakening (Part IV Ch.1 Mistakes 2 and 5)",consonant,"drill /v/ and final '-bəl' separately","two compounding error-prone segments raise combined risk",Hypothesis
sufficient,"consonant cluster simplification (Part IV Ch.1 Mistake 4)",consonant,"drill alongside efficient to isolate distinguishing sound","forms a useful minimal-pair contrast with efficient",Hypothesis
efficient,"consonant cluster simplification; lexical confusion with sufficient (Part IV Ch.1 Mistake 4)","consonant, lexical","drill alongside sufficient, focusing on distinguishing initial sound","confusing initial syllable risks genuine Content-level word substitution",Hypothesis
influence,"consonant cluster simplification (Part IV Ch.1 Mistake 4)",consonant,"drill medial and final clusters separately","two cluster sites raise combined Pronunciation-band risk",Hypothesis
impact,"noun/verb stress-pair confusion; consonant cluster simplification (Part II Ch.4, Part IV Ch.1 Mistake 4)","stress, consonant","drill both stress patterns, then final cluster separately","same stress-pair mechanism as increase/decrease plus independent cluster risk",Hypothesis
perspective,"consonant cluster simplification; coda /v/ risk (Part IV Ch.1 Mistakes 2 and 4, extended to coda)","consonant","drill onset cluster and final /v/ separately","second data point for the coda-/v/ pattern flagged in comprehensive",Hypothesis
strategy,"initial-cluster epenthesis (Part IV Ch.1 Mistake 4 extended to onset)",consonant,"drill alongside structure as the same onset-cluster pattern","inserted vowel risks a Content insertion error",Hypothesis
principle,"consonant cluster simplification; syllable-final /l/ weakening (Part IV Ch.1 Mistakes 4 and 5)","consonant","drill final '-pəl' maintaining full alveolar contact for /l/","principle/principal are homophones; spelling difference does not imply pronunciation difference",Hypothesis
theory,"θ→s substitution (Part IV Ch.1 Mistake 1)",consonant,"drill /θ/ before the full word","does not create a different real word; likely Pronunciation-band risk",Hypothesis
evidence,"v→w substitution; consonant cluster simplification (Part IV Ch.1 Mistakes 2 and 4)","consonant","drill /v/ and final cluster separately","two compounding error-prone segments raise combined risk",Hypothesis
conclude,"consonant cluster simplification (Part IV Ch.1 Mistake 4)",consonant,"drill '-kl-' as one continuous sequence","primarily a Pronunciation-band risk; low Content risk",Hypothesis
assume,"GA-specific yod-dropping detail (not a documented Part IV L1-transfer pattern)",vowel,"confirm the GA no-glide form against a dictionary","low risk either way; included for accent-model consistency",Hypothesis
achieve,"coda /v/ risk (extension of Part IV Ch.1 Mistake 2 to coda position)",consonant,"drill final /v/ maintaining teeth-on-lip contact through word end","third data point for the coda-/v/ pattern; still a reasoned extension",Hypothesis
maintain,"diphthong monophthongization (Part IV Ch.5 Mistake 2)",vowel,"drill both /eɪ/ glides explicitly before natural-speed shadowing","low Content risk; primarily a Pronunciation-band item",Hypothesis
obtain,"consonant cluster simplification (Part IV Ch.1 Mistake 4)",consonant,"drill '-bt-' as a continuous sequence without an inserted vowel","inserted vowel risks an extra syllable being detected as Content insertion",Hypothesis
contribute,"consonant cluster simplification (Part IV Ch.1 Mistake 4)",consonant,"drill '-tr-' and final '-bjuːt' sequence separately","primarily a Pronunciation-band risk",Hypothesis
distribute,"consonant cluster simplification (Part IV Ch.1 Mistake 4)",consonant,"drill alongside contribute as a shared cluster pattern","primarily a Pronunciation-band risk",Hypothesis
investigate,"v→w substitution; equal stress given word length (Part IV Ch.1 Mistake 2, Ch.2 Mistake 1)","consonant, stress","break into syllable groups, drill /v/ separately, then combine with correct stress","combined risk from two documented error mechanisms in a longer word",Hypothesis
eliminate,"equal stress; diphthong monophthongization (Part IV Ch.2 Mistake 1, Ch.5 Mistake 2)","stress, vowel","break into syllable groups; drill final diphthong explicitly","combined stress and vowel risk in a four-syllable word",Hypothesis
emphasize,"consonant cluster simplification; diphthong monophthongization (Part IV Ch.1 Mistake 4, Ch.5 Mistake 2)","consonant, vowel","drill '-mf-' and final /aɪz/ separately","combined cluster and diphthong risk in one word",Hypothesis
illustrate,"consonant cluster simplification, heavy medial cluster (Part IV Ch.1 Mistake 4)",consonant,"break '-lstr-' into smaller sub-sequences before drilling at full speed","unusually dense medial cluster is a high-value drilling target",Hypothesis
benefit,"word-final consonant deletion/epenthesis on a single final consonant (Part IV Ch.1 Mistake 3)",consonant,"practice final /t/ closure without releasing into a vowel","deleted or vowel-appended final /t/ risks Content mismatch given short word length",Hypothesis
advantage,"v→w substitution; word-final consonant deletion/epenthesis (Part IV Ch.1 Mistakes 2 and 3)","consonant","drill /v/ and final /dʒ/ separately","two compounding error-prone segments raise combined risk",Hypothesis
disadvantage,"v→w substitution; word-final consonant issue; equal stress (Part IV Ch.1 Mistakes 2 and 3, Ch.2 Mistake 1)","consonant, stress","drill alongside advantage, adding explicit stress marking","three compounding risk sources in one longer word",Hypothesis
challenge,"consonant cluster simplification (Part IV Ch.1 Mistake 4)",consonant,"drill final '-ndʒ' as one continuous sequence","primarily a Pronunciation-band risk at this word's frequency",Hypothesis
opportunity,"equal stress given word length (Part IV Ch.2 Mistake 1)",stress,"break into syllable groups; mark stress explicitly","high frequency plus length makes this a high-value drilling target",Hypothesis
solution,"not a segmental Part IV pattern; -tion rule reinforcement",stress,"confirm stress falls immediately before -tion","low risk; reinforces Part II Ch.4 suffix-stress rule",Hypothesis
problem,"consonant cluster simplification; syllable-final /l/ weakening (Part IV Ch.1 Mistakes 4 and 5)","consonant","drill '-pr-' and final '-bləm' separately","two compounding error-prone segments in a very high-frequency word",Hypothesis
issue,"low documented risk",none,"confirm GA form against a dictionary","low risk overall",Hypothesis
situation,"equal stress given word length (Part IV Ch.2 Mistake 1)",stress,"confirm stress before -tion; mark secondary stress on syllable 1","directly relevant to Respond to a Situation item type",Hypothesis
circumstance,"consonant cluster simplification at two sites (Part IV Ch.1 Mistake 4)",consonant,"break into syllable groups; drill each cluster separately","two cluster sites plus rhotic vowel make this high-value to drill",Hypothesis
condition,"not a segmental Part IV pattern; -tion rule reinforcement",stress,"confirm stress falls immediately before -tion","low risk; third -tion rule data point",Hypothesis
relationship,"diphthong monophthongization; consonant cluster simplification (Part IV Ch.5 Mistake 2, Ch.1 Mistake 4)","vowel, consonant","drill /eɪ/ glide and final '-ʃɪp' separately","two compounding error-prone segments in a very high-frequency word",Hypothesis
communication,"equal stress given word length (Part IV Ch.2 Mistake 1)",stress,"break into syllable groups; confirm stress before -tion","length and frequency make this one of the highest-value targets in the batch",Hypothesis
technology,"wrong-syllable stress (Part IV Ch.2 Mistake 3)",stress,"drill against the incorrect 'TECH-no-lo-gy' pattern for contrast","stress on wrong syllable risks sounding like an unintended word form",Hypothesis
innovation,"v→w substitution; -tion rule reinforcement (Part IV Ch.1 Mistake 2)","consonant, stress","drill /v/ separately, then confirm stress before -tion","combined segmental and stress risk",Hypothesis
traditional,"consonant cluster simplification; syllable-final /l/ weakening (Part IV Ch.1 Mistakes 4 and 5)","consonant","drill '-tr-' and final '-ənəl' separately","two compounding error-prone segments in a high-frequency word",Hypothesis
global,"diphthong monophthongization; consonant cluster simplification; syllable-final /l/ weakening (Part IV Ch.5 Mistake 2, Ch.1 Mistakes 4 and 5)","vowel, consonant","drill diphthong, initial cluster, and final /l/ as three separate targets","three compounding risk sources in one short, very high-frequency word",Hypothesis
economic,"wrong-syllable stress; confusion with economy's pattern (Part IV Ch.2 Mistake 3)",stress,"drill alongside economy to isolate the stress shift","mirrors Part II Ch.4's photograph/photography/photographic example",Hypothesis
economy,"wrong-syllable stress; confusion with economic's pattern (Part IV Ch.2 Mistake 3)",stress,"drill alongside economic, marking each word's stressed syllable","same mechanism as economic, opposite direction of confusion",Hypothesis
society,"diphthong monophthongization (Part IV Ch.5 Mistake 2)",vowel,"exaggerate /aɪ/ glide before natural-speed shadowing","primarily a Pronunciation-band risk at this word's very high frequency",Hypothesis
population,"equal stress given word length (Part IV Ch.2 Mistake 1)",stress,"break into syllable groups; confirm stress before -tion","high frequency in Describe Image data contexts makes this high-value",Hypothesis
generation,"equal stress given word length (Part IV Ch.2 Mistake 1)",stress,"break into syllable groups; confirm stress before -tion","low segmental risk beyond stress",Hypothesis
government,"v→w substitution; consonant cluster simplification at two sites (Part IV Ch.1 Mistakes 2 and 4)","consonant","drill /v/ and each cluster site separately","three risk sources in one very high-frequency word",Hypothesis
policy,"low documented risk",none,"confirm stress on syllable 1 against a dictionary","low risk overall",Hypothesis
education,"equal stress given word length (Part IV Ch.2 Mistake 1)",stress,"break into syllable groups; confirm stress before -tion","very high frequency across Essay and Read Aloud makes this high-value",Hypothesis
knowledge,"spelling-based mispronunciation of silent k; word-final consonant deletion/epenthesis (illustrates Part II Ch.1; Part IV Ch.1 Mistake 3)","consonant","verify silent k against dictionary IPA; drill final /dʒ/ closure","pronounced initial /k/ risks the word being misrecognized",Hypothesis
skill,"initial-cluster epenthesis; syllable-final /l/ weakening (Part IV Ch.1 Mistakes 4 and 5)","consonant","drill '-sk-' onset, then final /l/ with full alveolar contact","monosyllabic word with two error-prone segments; compact high-value target",Hypothesis
experience,"consonant cluster simplification at two sites (Part IV Ch.1 Mistake 4)",consonant,"drill '-ksp-' and final '-əns' separately","two cluster sites in a very high-frequency word raise combined risk",Hypothesis
professional,"consonant cluster simplification; syllable-final /l/ weakening (Part IV Ch.1 Mistakes 4 and 5)","consonant","drill alongside traditional as the same final-syllable pattern","two compounding error-prone segments in a very high-frequency word",Hypothesis
resource,"GA-specific stress variability (not a documented Part IV L1-transfer pattern)",stress,"confirm the GA-typical stress pattern against a dictionary","low risk either way; both stress variants are attested",Hypothesis
essential,"syllable-final /l/ weakening (Part IV Ch.1 Mistake 5)",consonant,"drill final '-ʃəl' maintaining full alveolar contact for /l/","primarily a Pronunciation-band risk",Hypothesis
crucial,"consonant cluster simplification; syllable-final /l/ weakening (Part IV Ch.1 Mistakes 4 and 5)","consonant","drill '-kr-' and final '-ʃəl' separately","two compounding error-prone segments in a high-frequency word",Hypothesis
valuable,"v→w substitution; syllable-final /l/ weakening (Part IV Ch.1 Mistakes 2 and 5)","consonant","drill /v/ and final '-bəl' separately","two compounding error-prone segments raise combined risk",Hypothesis
reliable,"diphthong monophthongization; syllable-final /l/ weakening (Part IV Ch.5 Mistake 2, Ch.1 Mistake 5)","vowel, consonant","exaggerate /aɪ/ glide, then drill final '-bəl'","two compounding error-prone segments in a high-frequency word",Hypothesis
flexible,"consonant cluster simplification at two sites; syllable-final /l/ weakening (Part IV Ch.1 Mistakes 4 and 5)","consonant","break into syllable groups; drill each cluster site separately","three risk sources make this a high-value drilling target",Hypothesis
accurate,"medial /kj/ glide dropped (not a heavily documented Part IV pattern)",consonant,"drill the /kj/ glide sequence explicitly","low-to-medium risk; primarily Pronunciation-band",Hypothesis
appropriate,"adjective/verb suffix-vowel confusion (new pattern, distinct from noun/verb stress-shift)",vowel,"drill both endings side by side, confirming grammatical role first","wrong ending risks Content-level mismatch similar to Part II Ch.4's stress-pair framework",Hypothesis
suitable,"syllable-final /l/ weakening (Part IV Ch.1 Mistake 5)",consonant,"drill final '-təbəl' maintaining full alveolar contact for /l/","primarily a Pronunciation-band risk",Hypothesis
reasonable,"z→s devoicing (reasoned extension, not directly researched); syllable-final /l/ weakening (Part IV Ch.1 Mistake 5)","consonant","drill /z/ against /s/ explicitly, then final '-bəl'","z→s pattern flagged with more caution than established Part IV mistakes",Hypothesis
remarkable,"rhotic-vowel under-production; syllable-final /l/ weakening (Part II Ch.3, Part IV Ch.1 Mistake 5)","vowel, consonant","drill rhotic /ɑːr/ then final '-bəl'","primarily a Pronunciation-band risk",Hypothesis
dramatic,"consonant cluster simplification; -ic rule reinforcement (Part IV Ch.1 Mistake 4)","consonant, stress","drill '-dr-' onset; confirm stress before -ic","high frequency in Describe Image trend descriptions",Hypothesis
gradual,"initial-cluster epenthesis (extension of Part IV Ch.1 Mistake 4 to onset position)",consonant,"drill '-gr-' as a single unbroken onset","contrasts usefully with dramatic (gradual vs sudden change)",Hypothesis
steady,"initial-cluster epenthesis (extension of Part IV Ch.1 Mistake 4 to onset position)",consonant,"drill '-st-' as a single unbroken onset","high frequency in Describe Image trend descriptions",Hypothesis
rapid,"word-final consonant deletion/epenthesis on a single final consonant (Part IV Ch.1 Mistake 3)",consonant,"practice final /d/ closure without releasing into a vowel","dropped final /d/ risks Content mismatch given short word length",Hypothesis
decline,"incorrectly applying the increase/decrease/impact stress-shift pattern (non-example)",stress,"contrast against increase/decrease to confirm no stress shift here","incorrectly shifting stress would itself risk a Content mismatch",Hypothesis
fluctuate,"consonant cluster simplification at two sites (Part IV Ch.1 Mistake 4)",consonant,"drill '-fl-' and '-ktʃ-' separately","two cluster sites in a Describe Image-relevant word",Hypothesis
proportion,"consonant cluster simplification (Part IV Ch.1 Mistake 4)",consonant,"drill '-pr-' and the rhotic vowel separately","high frequency in Describe Image data descriptions",Hypothesis
percentage,"word-final consonant deletion/epenthesis on a single final consonant (Part IV Ch.1 Mistake 3)",consonant,"drill rhotic vowel and final /dʒ/ closure separately","very high frequency in Describe Image data descriptions",Hypothesis
majority,"rhotic-vowel under-production (Part II Ch.3)",vowel,"drill alongside minority to contrast the initial syllable","very high frequency in Describe Image/Essay data descriptions",Hypothesis
minority,"diphthong monophthongization (Part IV Ch.5 Mistake 2)",vowel,"drill alongside majority, exaggerating the initial diphthong","very high frequency in Describe Image/Essay data descriptions",Hypothesis
average,"word-final consonant deletion/epenthesis on a single final consonant (Part IV Ch.1 Mistake 3)",consonant,"drill the final /dʒ/ closure without an inserted vowel","very high frequency in Describe Image data descriptions",Hypothesis
overall,"v→w substitution; diphthong monophthongization (Part IV Ch.1 Mistake 2, Ch.5 Mistake 2)","consonant, vowel","break into syllable groups; drill /v/, diphthong, and rhotic vowel separately","three risk sources in one very high-frequency word",Hypothesis
approximate,"adjective/verb suffix-vowel confusion; consonant cluster simplification (new pattern; Part IV Ch.1 Mistake 4)","vowel, consonant","drill both endings side by side; drill medial cluster separately","second data point for this batch's new adjective/verb ending pattern",Hypothesis
compare,"rhotic-vowel under-production (Part II Ch.3)",vowel,"drill the final rhotic vowel explicitly","low risk; primarily a Pronunciation-band item",Hypothesis
contrast,"noun/verb stress-pair confusion (Part II Ch.4)",stress,"drill both stress patterns, identifying grammatical role first","same mechanism as increase/decrease/impact",Hypothesis
similar,"wrong-syllable stress (Part IV Ch.2 Mistake 3)",stress,"drill against the incorrect 'si-MI-lar' pattern for contrast","stress on wrong syllable risks sounding like an unintended word form",Hypothesis
differ,"rhotic-vowel under-production (Part II Ch.3)",vowel,"drill the final rhotic vowel explicitly","low risk; primarily a Pronunciation-band item",Hypothesis
equivalent,"consonant cluster simplification at two sites (Part IV Ch.1 Mistake 4)",consonant,"drill '-kw-' and final '-lənt' separately","two cluster sites raise combined Pronunciation-band risk",Hypothesis
correspond,"consonant cluster simplification (Part IV Ch.1 Mistake 4)",consonant,"break into syllable groups; drill medial and final clusters separately","several risk sources relevant to Describe Image comparison language",Hypothesis
represent,"consonant cluster simplification; z→s devoicing risk (Part IV Ch.1 Mistake 4)","consonant","break into syllable groups; drill medial cluster and /z/ separately","very high frequency in Describe Image despite several compounding risks",Hypothesis
argue,"rhotic-vowel under-production (Part II Ch.3)",vowel,"drill rhotic vowel and /gj/ glide separately","low risk; primarily a Pronunciation-band item",Hypothesis
argument,"consonant cluster simplification (Part IV Ch.1 Mistake 4)",consonant,"drill alongside argue, confirming stable stress","low risk; primarily a Pronunciation-band item",Hypothesis
debate,"diphthong monophthongization (Part IV Ch.5 Mistake 2)",vowel,"exaggerate /eɪ/ glide before natural-speed shadowing","low risk; primarily a Pronunciation-band item",Hypothesis
controversial,"consonant cluster simplification; syllable-final /l/ weakening (Part IV Ch.1 Mistakes 4 and 5)","consonant","confirm stress variant against target dictionary first","illustrates genuine dictionary-attested accent-level stress variation",Hypothesis
consequence,"consonant cluster simplification (Part IV Ch.1 Mistake 4)",consonant,"drill medial and final clusters separately","forms a stress-stability pair with consequently",Hypothesis
consequently,"consonant cluster simplification (Part IV Ch.1 Mistake 4)",consonant,"drill alongside consequence to confirm stable stress","useful discourse marker; low risk beyond noted clusters",Hypothesis
thus,"ð→d/z substitution (Part IV Ch.1 Mistake 1)",consonant,"drill /ð/ tongue-between-teeth explicitly","very short high-frequency discourse marker; substitution recurs whenever used",Hypothesis
despite,"consonant cluster simplification; diphthong monophthongization (Part IV Ch.1 Mistake 4, Ch.5 Mistake 2)","consonant, vowel","drill '-sp-' and diphthong separately","two compounding error-prone segments in a high-frequency discourse word",Hypothesis
nevertheless,"v→w substitution; ð→d/z substitution; equal stress (Part IV Ch.1 Mistakes 1 and 2, Ch.2 Mistake 1)","consonant, stress","break into syllable groups; drill /v/ and /ð/ separately","three compounding risk sources; high-value Essay discourse marker",Hypothesis
furthermore,"ð→d/z substitution (Part IV Ch.1 Mistake 1)",consonant,"drill /ð/ and both rhotic vowels separately","useful Essay discourse marker",Hypothesis
moreover,"v→w substitution; diphthong monophthongization (Part IV Ch.1 Mistake 2, Ch.5 Mistake 2)","consonant, vowel","drill /v/, diphthong, and rhotic vowels separately","three risk sources in a useful Essay discourse marker",Hypothesis
addition,"not a segmental Part IV pattern; -tion rule reinforcement",stress,"confirm stress falls immediately before -tion","in addition functions parallel to furthermore/moreover",Hypothesis
regarding,"rhotic-vowel under-production (Part II Ch.3)",vowel,"drill the rhotic vowel explicitly","low risk; primarily a Pronunciation-band item",Hypothesis
overcome,"v→w substitution; diphthong monophthongization (Part IV Ch.1 Mistake 2, Ch.5 Mistake 2)","consonant, vowel","drill alongside overall as a shared pattern","three risk sources, structurally similar to overall",Hypothesis
address,"stress-variability caution, not a documented Part IV pattern",stress,"confirm both forms against a single consistent dictionary","verify rather than assume a clean noun/verb split like record/present",Hypothesis
tackle,"syllable-final /l/ weakening (Part IV Ch.1 Mistake 5)",consonant,"drill final '-kəl' maintaining full alveolar contact for /l/","primarily a Pronunciation-band risk",Hypothesis
implement,"consonant cluster simplification at two sites (Part IV Ch.1 Mistake 4)",consonant,"drill '-mpl-' and final '-mɛnt' separately","two cluster sites raise combined risk",Hypothesis
implementation,"equal stress given word length (Part IV Ch.2 Mistake 1)",stress,"break into syllable groups; confirm stress before -tion","length makes this a high-value drilling target relative to frequency",Hypothesis
execute,"consonant cluster simplification, heavy medial cluster (Part IV Ch.1 Mistake 4)",consonant,"break medial cluster into smaller sub-sequences","primarily a Pronunciation-band risk at this word's frequency",Hypothesis
enhance,"consonant cluster simplification (Part IV Ch.1 Mistake 4)",consonant,"drill final '-æns' cluster without an inserted vowel","primarily a Pronunciation-band risk",Hypothesis
improve,"consonant cluster simplification; coda /v/ risk (Part IV Ch.1 Mistake 4; extension of Mistake 2)","consonant","drill '-mpr-' and final /v/ separately","further data point for the coda-/v/ pattern",Hypothesis
improvement,"consonant cluster simplification at two sites; coda /v/ risk (Part IV Ch.1 Mistake 4; extension of Mistake 2)","consonant","drill alongside improve, confirming stable stress","clean non-shift example alongside decline and address",Hypothesis
facilitate,"equal stress given word length (Part IV Ch.2 Mistake 1)",stress,"break into syllable groups; mark stress explicitly","length and formal register make this a high-value Essay target",Hypothesis
promote,"consonant cluster simplification; diphthong monophthongization (Part IV Ch.1 Mistake 4, Ch.5 Mistake 2)","consonant, vowel","drill '-pr-' and diphthong separately","two compounding error-prone segments in a high-frequency Essay verb",Hypothesis
encourage,"rhotic-vowel under-production (Part II Ch.3)",vowel,"drill alongside discourage to confirm stable stress","forms a prefix contrast pair with discourage",Hypothesis
discourage,"rhotic-vowel under-production (Part II Ch.3)",vowel,"drill alongside encourage to confirm stable stress","confirms en-/dis- prefixes do not shift stress off this root",Hypothesis
prevent,"consonant cluster simplification; v→w substitution (Part IV Ch.1 Mistakes 4 and 2)","consonant","drill '-pr-', /v/, and final '-nt' as three separate targets","three risk sources in a very high-frequency Essay verb",Hypothesis
avoid,"v→w substitution; diphthong monophthongization (Part IV Ch.1 Mistake 2, Ch.5 Mistake 2)","consonant, vowel","drill /v/ and the full /ɔɪ/ glide separately","first /ɔɪ/ diphthong example in this lexicon",Hypothesis
reduce,"low documented risk",none,"confirm stress on syllable 2 against a dictionary","low risk overall; pairs with increase as an antonym",Hypothesis
minimize,"equal stress; diphthong monophthongization (Part IV Ch.2 Mistake 1, Ch.5 Mistake 2)","stress, vowel","mark primary stress on syllable 1; drill final diphthong explicitly","combined stress and vowel risk in a moderately long word",Hypothesis
university,"v→w substitution; equal stress given word length (Part IV Ch.1 Mistake 2, Ch.2 Mistake 1)","consonant, stress","break into syllable groups; drill /v/ and rhotic vowel separately","length plus /v/ risk make this high-value at very high frequency",Hypothesis
institution,"consonant cluster simplification; equal stress (Part IV Ch.1 Mistake 4, Ch.2 Mistake 1)","consonant, stress","break into syllable groups; confirm stress before -tion","high frequency in academic-context Read Aloud passages",Hypothesis
curriculum,"medial /kj/ glide dropped (same pattern as accurate, Batch 4)",consonant,"drill the /kj/ glide explicitly before the full word","low-to-medium risk; primarily Pronunciation-band",Hypothesis
assignment,"diphthong monophthongization; consonant cluster simplification (Part IV Ch.5 Mistake 2, Ch.1 Mistake 4)","vowel, consonant","exaggerate /aɪ/ glide, then drill final cluster","two compounding error-prone segments in a very high-frequency word",Hypothesis
lecture,"consonant cluster simplification (Part IV Ch.1 Mistake 4)",consonant,"drill '-kt-' and rhotic ending separately","directly names the Retell Lecture item type",Hypothesis
seminar,"rhotic-vowel under-production (Part II Ch.3)",vowel,"drill the final rhotic vowel explicitly","low risk; primarily a Pronunciation-band item",Hypothesis
graduate,"adjective/verb suffix-vowel confusion (third data point, with appropriate/approximate)",vowel,"drill both endings side by side, confirming grammatical role first","same mechanism as appropriate/approximate",Hypothesis
undergraduate,"equal stress given word length (Part IV Ch.2 Mistake 1)",stress,"break into syllable groups; mark stress explicitly","shares its root with graduate; drill together for efficiency",Hypothesis
degree,"low documented risk",none,"confirm stress on syllable 2 against a dictionary","low risk overall",Hypothesis
qualification,"consonant cluster simplification; equal stress (Part IV Ch.1 Mistake 4, Ch.2 Mistake 1)","consonant, stress","break into syllable groups; confirm stress before -tion","length makes this high-value relative to frequency",Hypothesis
career,"rhotic-vowel under-production; -eer stress-attraction pattern (Part II Ch.3)",vowel,"drill final rhotic vowel, confirming stress lands there","first data point for this batch's -eer stress-attraction note",Hypothesis
employment,"consonant cluster simplification (Part IV Ch.1 Mistake 4)",consonant,"drill final '-mənt' cluster; confirm stress does not shift","contrast with employee reinforces the -ee stress-attraction pattern",Hypothesis
employee,"applying employ's stress pattern instead of shifting to -ee (new -ee suffix pattern)",stress,"drill alongside employer to contrast the two stress patterns","using the root-word stress pattern here risks Content-level mismatch",Hypothesis
employer,"rhotic-vowel under-production (Part II Ch.3)",vowel,"drill alongside employee, marking each word's stressed syllable","contrast with employee is the main teaching point",Hypothesis
workplace,"consonant cluster simplification, heavy medial cluster (Part IV Ch.1 Mistake 4)",consonant,"break '-rkpl-' into smaller sub-sequences","primarily a Pronunciation-band risk given the dense cluster",Hypothesis
colleague,"low documented risk",none,"confirm stress on syllable 1 against a dictionary","low risk overall",Hypothesis
supervisor,"v→w substitution; diphthong monophthongization (Part IV Ch.1 Mistake 2, Ch.5 Mistake 2)","consonant, vowel","break into syllable groups; drill /v/ and diphthong separately","three risk sources in one high-frequency word",Hypothesis
management,"consonant cluster simplification, heavy final cluster (Part IV Ch.1 Mistake 4)",consonant,"break final cluster into smaller sub-sequences","primarily a Pronunciation-band risk given the dense cluster",Hypothesis
manage,"word-final consonant deletion/epenthesis on a single final consonant (Part IV Ch.1 Mistake 3)",consonant,"drill final /dʒ/ closure without an inserted vowel","dropped final /dʒ/ risks Content mismatch given short word length",Hypothesis
organization,"z→s devoicing risk; equal stress (Part IV Ch.2 Mistake 1)","consonant, stress","break into syllable groups; confirm stress before -tion","very high frequency despite several compounding risks",Hypothesis
organize,"diphthong monophthongization (Part IV Ch.5 Mistake 2)",vowel,"drill rhotic vowel and final diphthong separately","compare with organization to see the -ation stress shift",Hypothesis
participate,"equal stress given word length (Part IV Ch.2 Mistake 1)",stress,"break into syllable groups; mark stress on syllable 2","compare against participant - a further stress-stable pair",Hypothesis
participant,"consonant cluster simplification (Part IV Ch.1 Mistake 4)",consonant,"drill alongside participate, confirming shared stress","very high frequency in Essay/Retell Lecture research contexts",Hypothesis
volunteer,"v→w substitution; -eer stress-attraction pattern (Part IV Ch.1 Mistake 2)",consonant,"drill /v/ separately; confirm stress lands on final syllable","second data point for this batch's -eer stress-attraction note",Hypothesis
schedule,"initial-cluster epenthesis; mixing GA/RP forms (Part IV Ch.1 Mistake 4 extended to onset)",consonant,"drill '-sk-' as a single unbroken onset","pick one consistent accent-model form rather than mixing GA and RP",Hypothesis
deadline,"diphthong monophthongization (Part IV Ch.5 Mistake 2)",vowel,"exaggerate /aɪ/ glide before natural-speed shadowing","low-to-medium risk; primarily a Pronunciation-band item",Hypothesis
duration,"not a segmental Part IV pattern; -tion rule reinforcement",stress,"confirm stress falls immediately before -tion","low risk; reinforces Part II Ch.4 suffix-stress rule",Hypothesis
semester,"consonant cluster simplification (Part IV Ch.1 Mistake 4)",consonant,"drill '-mst-' and rhotic vowel separately","primarily a Pronunciation-band risk at this word's frequency",Hypothesis
academic,"wrong-syllable stress despite -ic rule (Part IV Ch.2 Mistake 3)",stress,"break into syllable groups; confirm stress before -ic","names the test itself (PTE Academic) - worth getting exactly right",Hypothesis
scholarship,"consonant cluster simplification at two sites (Part IV Ch.1 Mistake 4)",consonant,"drill '-sk-' and final '-ʃɪp' separately","two cluster sites plus rhotic vowel make this high-value",Hypothesis
climate,"consonant cluster simplification; diphthong monophthongization (Part IV Ch.1 Mistake 4, Ch.5 Mistake 2)","consonant, vowel","drill '-kl-' and diphthong separately","very high frequency in Read Aloud/Essay environmental topics",Hypothesis
species,"initial-cluster epenthesis (Part IV Ch.1 Mistake 4 extended to onset)",consonant,"drill '-sp-' as a single unbroken onset","high frequency in biology/environment Read Aloud passages",Hypothesis
ecosystem,"diphthong monophthongization (Part IV Ch.5 Mistake 2)",vowel,"drill diphthong and medial cluster separately","high frequency in environmental Read Aloud/Retell Lecture passages",Hypothesis
sustainable,"diphthong monophthongization; syllable-final /l/ weakening (Part IV Ch.5 Mistake 2, Ch.1 Mistake 5)","vowel, consonant","drill diphthong and final '-bəl' separately","very high frequency; pairs with sustainability",Hypothesis
sustainability,"equal stress given word length; first -ity rule data point (Part IV Ch.2 Mistake 1)",stress,"break into syllable groups; confirm stress before -ity","length makes this a high-value drilling target",Hypothesis
renewable,"syllable-final /l/ weakening (Part IV Ch.1 Mistake 5)",consonant,"drill final '-bəl' maintaining full alveolar contact","very high frequency (renewable energy)",Hypothesis
emission,"not a segmental Part IV pattern; -tion rule reinforcement",stress,"confirm stress falls immediately before -tion","very high frequency (carbon emissions)",Hypothesis
pollution,"not a segmental Part IV pattern; -tion rule reinforcement",stress,"confirm stress falls immediately before -tion","very high frequency in environmental content",Hypothesis
conservation,"equal stress given word length (Part IV Ch.2 Mistake 1)",stress,"break into syllable groups; confirm stress before -tion","high frequency in environmental Read Aloud/Retell Lecture content",Hypothesis
biodiversity,"diphthong monophthongization; v→w substitution; equal stress (Part IV Ch.5 Mistake 2, Ch.1 Mistake 2, Ch.2 Mistake 1)","vowel, consonant, stress","break into syllable groups; drill diphthongs and /v/ separately","length and multiple risk sources make this high-value",Hypothesis
temperature,"over-articulating a natively compressed syllable (connects to Part II Ch.7)",rhythm,"compare careful four-syllable form against natural three-syllable form","over-articulated version may sound less natural",Hypothesis
atmosphere,"consonant cluster simplification, dense medial cluster (Part IV Ch.1 Mistake 4)",consonant,"break medial cluster into smaller sub-sequences","unusually dense cluster makes this high-value to drill",Hypothesis
molecule,"medial /kj/ glide dropped (same pattern as accurate, curriculum)",consonant,"drill the /kj/ glide explicitly before the full word","low-to-medium risk; primarily Pronunciation-band",Hypothesis
organism,"rhotic-vowel under-production; z→s devoicing risk (Part II Ch.3)","vowel, consonant","drill /z/ against /s/ explicitly before the full word","high frequency in biology-topic Read Aloud passages",Hypothesis
mechanism,"z→s devoicing risk (same flagged extension as organism)",consonant,"drill /z/ against /s/ explicitly before the full word","this book uses 'mechanism' as a core recurring term itself",Hypothesis
artificial,"rhotic-vowel under-production; syllable-final /l/ weakening (Part II Ch.3, Part IV Ch.1 Mistake 5)","vowel, consonant","drill rhotic vowel and final '-ʃəl' separately","very high frequency given 'artificial intelligence'",Hypothesis
intelligence,"consonant cluster simplification (Part IV Ch.1 Mistake 4)",consonant,"drill the final '-dʒəns' cluster without an inserted vowel","very high frequency given 'artificial intelligence'",Hypothesis
algorithm,"ð→d/z substitution, first medial-position example (Part IV Ch.1 Mistake 1)",consonant,"drill the medial /ð/ specifically, same target as word-initial cases","medial environment worth separate attention from word-initial cases",Hypothesis
device,"v→w substitution; diphthong monophthongization (Part IV Ch.1 Mistake 2, Ch.5 Mistake 2)","consonant, vowel","drill /v/ and diphthong separately","two compounding error-prone segments in a very high-frequency word",Hypothesis
equipment,"consonant cluster simplification at two sites (Part IV Ch.1 Mistake 4)",consonant,"drill '-kw-' and final '-pmənt' separately","two cluster sites raise combined risk",Hypothesis
infrastructure,"consonant cluster simplification, one of the densest sequences so far (Part IV Ch.1 Mistake 4)",consonant,"break the medial cluster into small sub-sequences, build up gradually","one of the highest-value drilling targets in the lexicon to date",Hypothesis
transportation,"consonant cluster simplification at two sites; equal stress (Part IV Ch.1 Mistake 4, Ch.2 Mistake 1)","consonant, stress","break into syllable groups; drill both clusters separately","very high frequency in Read Aloud/Essay city/infrastructure content",Hypothesis
vehicle,"silent h pronounced; syllable-final /l/ weakening (illustrates Part II Ch.1; Part IV Ch.1 Mistake 5)","consonant","verify silent h against dictionary IPA before shadowing","pronounced /h/ risks sounding non-native even if still recognized",Hypothesis
efficiency,"inherited efficient/sufficient minimal-pair risk (Part IV Ch.1 pattern)",stress,"drill alongside efficient, confirming stress does not shift","stress does not move when -ency is added",Hypothesis
capacity,"low documented risk",none,"confirm stress on syllable 2 against a dictionary","low risk overall",Hypothesis
quantity,"near-minimal pair confusion with quality (new pattern)",lexical,"drill alongside quality, isolating the distinguishing medial consonant","confusing this pair risks a genuine Content-level word substitution",Hypothesis
quality,"near-minimal pair confusion with quantity (new pattern)",lexical,"drill alongside quantity, isolating the distinguishing medial consonant","confusing this pair risks a genuine Content-level word substitution",Hypothesis
volume,"v→w substitution; medial /lj/ glide dropped (Part IV Ch.1 Mistake 2)",consonant,"drill /v/ and the /lj/ glide separately","two risk sources in a very high-frequency measurement word",Hypothesis
density,"consonant cluster simplification (Part IV Ch.1 Mistake 4)",consonant,"drill the final '-nsəti' cluster without an inserted vowel","primarily a Pronunciation-band risk at this word's frequency",Hypothesis
velocity,"v→w substitution (Part IV Ch.1 Mistake 2)",consonant,"drill initial /v/ before shadowing the full word","low-to-medium risk; primarily a Pronunciation-band item",Hypothesis
medicine,"low documented risk",none,"confirm stress on syllable 1 against a dictionary","low risk overall",Hypothesis
medical,"syllable-final /l/ weakening (Part IV Ch.1 Mistake 5)",consonant,"drill final '-kəl' maintaining full alveolar contact for /l/","primarily a Pronunciation-band risk",Hypothesis
treatment,"consonant cluster simplification at two sites (Part IV Ch.1 Mistake 4)",consonant,"drill '-tr-' and final '-tmənt' separately","two cluster sites in a very high-frequency word",Hypothesis
symptom,"consonant cluster simplification (Part IV Ch.1 Mistake 4)",consonant,"drill '-mpt-' as a continuous sequence without an inserted vowel","primarily a Pronunciation-band risk at this word's frequency",Hypothesis
diagnosis,"diphthong monophthongization at two sites (Part IV Ch.5 Mistake 2)",vowel,"drill both diphthongs separately before combining","two diphthongs make this a high-value drilling target",Hypothesis
disease,"z→s devoicing at two positions (same flagged extension as reasonable, organism)",consonant,"drill both /z/ sounds against /s/ explicitly","compounded devoicing risk from two /z/ positions",Hypothesis
virus,"v→w substitution; diphthong monophthongization (Part IV Ch.1 Mistake 2, Ch.5 Mistake 2)","consonant, vowel","drill /v/ and diphthong separately","two compounding error-prone segments in a very high-frequency word",Hypothesis
vaccine,"v→w substitution; mixing attested stress variants (Part IV Ch.1 Mistake 2)",consonant,"drill /v/ explicitly; confirm which stress variant your dictionary uses","pick one consistent stress variant, same caution as controversial",Hypothesis
immune,"medial /mj/ glide dropped (not a heavily documented Part IV pattern)",consonant,"drill the /mj/ glide explicitly before the full word","low-to-medium risk; primarily Pronunciation-band",Hypothesis
nutrition,"consonant cluster simplification; -tion rule reinforcement (Part IV Ch.1 Mistake 4)",consonant,"drill '-tr-'; confirm stress before -tion","high frequency in health-topic Read Aloud passages",Hypothesis
exercise,"diphthong monophthongization (Part IV Ch.5 Mistake 2)",vowel,"drill the final diphthong /aɪz/ explicitly","very high frequency in health-topic Read Aloud/Essay content",Hypothesis
psychology,"silent p pronounced (illustrates Part II Ch.1, third silent-letter example)",consonant,"verify silent p against dictionary IPA before shadowing","pronounced initial /p/ risks the word being misrecognized",Hypothesis
behavior,"v→w substitution; rhotic-vowel under-production (Part IV Ch.1 Mistake 2)","consonant, vowel","drill /v/ and rhotic vowel separately","very high frequency in psychology-topic content",Hypothesis
emotion,"diphthong monophthongization; -tion rule reinforcement (Part IV Ch.5 Mistake 2)",vowel,"drill diphthong; confirm stress before -tion","high frequency in psychology-topic content",Hypothesis
memory,"low documented risk",none,"confirm stress on syllable 1 against a dictionary","low risk overall",Hypothesis
perception,"rhotic-vowel under-production; -tion rule reinforcement (Part II Ch.3)",vowel,"drill rhotic vowel; confirm stress before -tion","high frequency in psychology-topic content",Hypothesis
cognitive,"consonant cluster simplification; coda /v/ risk (Part IV Ch.1 Mistake 4; extension of Mistake 2)","consonant","drill '-ɡn-' and final /v/ separately","further data point for the coda-/v/ pattern",Hypothesis
awareness,"rhotic-vowel under-production (Part II Ch.3)",vowel,"drill the rhotic vowel explicitly","low risk; primarily a Pronunciation-band item",Hypothesis
history,"consonant cluster simplification (Part IV Ch.1 Mistake 4)",consonant,"drill '-st-' as a continuous sequence","compare with historical to see the -ical stress shift",Hypothesis
historical,"wrong-syllable stress if -ic/-ical rule not applied; syllable-final /l/ weakening (Part IV Ch.2 Mistake 3, Ch.1 Mistake 5)","stress, consonant","drill alongside history, exaggerating the stress-shift contrast","first concrete -ical shift example, confirms -ic rule extends",Hypothesis
culture,"rhotic-vowel under-production (Part II Ch.3)",vowel,"drill the final rhotic vowel explicitly","low risk; primarily a Pronunciation-band item",Hypothesis
cultural,"rhotic-vowel under-production; syllable-final /l/ weakening (Part II Ch.3, Part IV Ch.1 Mistake 5)","vowel, consonant","drill alongside culture, confirming stress does not move","this -al addition does NOT shift stress, unlike historical",Hypothesis
century,"consonant cluster simplification (Part IV Ch.1 Mistake 4)",consonant,"drill '-ntʃ-' as a continuous sequence","high frequency in history-topic Read Aloud passages",Hypothesis
ancient,"diphthong monophthongization; consonant cluster simplification (Part IV Ch.5 Mistake 2, Ch.1 Mistake 4)","vowel, consonant","drill diphthong and final cluster separately","two compounding error-prone segments in a high-frequency word",Hypothesis
civilization,"v→w substitution; equal stress (Part IV Ch.1 Mistake 2, Ch.2 Mistake 1)","consonant, stress","break into syllable groups; drill /v/ separately","length makes this high-value relative to frequency",Hypothesis
heritage,"word-final consonant deletion/epenthesis on a single final consonant (Part IV Ch.1 Mistake 3)",consonant,"drill rhotic vowel and final /dʒ/ closure separately","high frequency in culture-topic Read Aloud/Essay content",Hypothesis
tradition,"consonant cluster simplification; -tion rule reinforcement (Part IV Ch.1 Mistake 4)",consonant,"drill '-tr-'; confirm stress before -tion","stress-stable with traditional, unlike history/historical",Hypothesis
custom,"consonant cluster simplification (Part IV Ch.1 Mistake 4)",consonant,"drill '-st-' as a continuous sequence","primarily a Pronunciation-band risk",Hypothesis
religion,"low documented risk",none,"confirm stress on syllable 2 against a dictionary","low risk overall",Hypothesis
religious,"low documented risk",none,"drill alongside religion, confirming shared stress pattern","confirms -ious ending does not shift stress",Hypothesis
budget,"word-final consonant deletion/epenthesis on a single final consonant (Part IV Ch.1 Mistake 3)",consonant,"practice final /t/ closure without releasing into a vowel","very high frequency in Essay/Describe Image financial contexts",Hypothesis
investment,"v→w substitution; consonant cluster simplification (Part IV Ch.1 Mistakes 2 and 4)","consonant","drill /v/ and final '-tmənt' separately","two compounding error-prone segments in a very high-frequency word",Hypothesis
invest,"v→w substitution (Part IV Ch.1 Mistake 2)",consonant,"drill /v/ before shadowing the full word","low-to-medium risk; primarily a Pronunciation-band item",Hypothesis
profit,"consonant cluster simplification; word-final consonant deletion/epenthesis (Part IV Ch.1 Mistakes 4 and 3)","consonant","drill '-pr-' and final /t/ separately","two risk sources in a very high-frequency financial word",Hypothesis
revenue,"v→w substitution (Part IV Ch.1 Mistake 2)",consonant,"drill /v/ before shadowing the full word","very high frequency in Describe Image financial data contexts",Hypothesis
expense,"consonant cluster simplification at two sites (Part IV Ch.1 Mistake 4)",consonant,"drill both clusters separately before combining","two cluster sites in a high-frequency financial word",Hypothesis
finance,"stress-variability caution, not a documented Part IV pattern",stress,"confirm which stress variant your target dictionary uses","pick one consistent stress variant rather than mixing both",Hypothesis
financial,"syllable-final /l/ weakening (Part IV Ch.1 Mistake 5)",consonant,"drill final '-ʃəl' maintaining full alveolar contact for /l/","very high frequency in Essay/Describe Image financial contexts",Hypothesis
commercial,"rhotic-vowel under-production; syllable-final /l/ weakening (Part II Ch.3, Part IV Ch.1 Mistake 5)","vowel, consonant","drill rhotic vowel and final '-ʃəl' separately","high frequency in business-topic Read Aloud/Essay content",Hypothesis
corporate,"rhotic-vowel under-production (Part II Ch.3)",vowel,"drill the rhotic vowel explicitly","high frequency in business-topic content",Hypothesis
corporation,"equal stress given word length (Part IV Ch.2 Mistake 1)",stress,"break into syllable groups; confirm stress before -tion","high frequency in business-topic Read Aloud/Essay content",Hypothesis
industry,"consonant cluster simplification (Part IV Ch.1 Mistake 4)",consonant,"drill the medial cluster as a continuous sequence","compare with industrial to see the -ial stress shift",Hypothesis
industrial,"wrong-syllable stress if -ial shift not applied (Part IV Ch.2 Mistake 3)",stress,"drill alongside industry, exaggerating the stress-shift contrast","second concrete -ial shift example alongside history/historical",Hypothesis
market,"word-final consonant deletion/epenthesis on a single final consonant (Part IV Ch.1 Mistake 3)",consonant,"drill the rhotic vowel and final /t/ closure","very high frequency in business/economics Read Aloud/Essay content",Hypothesis
marketing,"rhotic-vowel under-production (Part II Ch.3)",vowel,"drill the rhotic vowel explicitly","very high frequency in business-topic content",Hypothesis
competition,"equal stress given word length (Part IV Ch.2 Mistake 1)",stress,"break into syllable groups; confirm stress before -tion","very high frequency in business-topic Read Aloud/Essay content",Hypothesis
competitive,"coda /v/ risk (extension of Part IV Ch.1 Mistake 2 to coda position)",consonant,"drill the final /v/ explicitly","further data point for the coda-/v/ pattern",Hypothesis
consumer,"rhotic-vowel under-production (Part II Ch.3)",vowel,"drill the final rhotic vowel explicitly","very high frequency in Essay/business-topic content",Hypothesis
consumption,"consonant cluster simplification (Part IV Ch.1 Mistake 4)",consonant,"drill the medial cluster as a continuous sequence","high frequency in Describe Image/Essay data contexts",Hypothesis
transaction,"consonant cluster simplification; z→s devoicing risk (Part IV Ch.1 Mistake 4)","consonant","drill '-tr-' and /z/ separately before combining","high frequency in business/finance content",Hypothesis
currency,"rhotic-vowel under-production (Part II Ch.3)",vowel,"drill the rhotic vowel explicitly","high frequency in economics-topic Read Aloud content",Hypothesis
inflation,"diphthong monophthongization (Part IV Ch.5 Mistake 2)",vowel,"exaggerate the /eɪ/ glide before natural-speed shadowing","high frequency in economics-topic Read Aloud/Essay content",Hypothesis
taxation,"diphthong monophthongization (Part IV Ch.5 Mistake 2)",vowel,"exaggerate the /eɪ/ glide before natural-speed shadowing","high frequency in economics/policy-topic content",Hypothesis
income,"consonant cluster simplification (Part IV Ch.1 Mistake 4)",consonant,"drill '-ŋk-' as a continuous nasal-to-stop transition","very high frequency in Essay/Describe Image financial contexts",Hypothesis
salary,"low documented risk",none,"confirm stress on syllable 1 against a dictionary","low risk overall",Hypothesis
wage,"diphthong monophthongization (Part IV Ch.5 Mistake 2)",vowel,"exaggerate the /eɪ/ glide before natural-speed shadowing","low risk; primarily a Pronunciation-band item",Hypothesis
entrepreneur,"consonant cluster simplification; wrong-syllable stress (Part IV Ch.1 Mistake 4)","consonant, stress","break into syllable groups; confirm primary stress lands on the final syllable","cluster density and unusual final stress make this high-value",Hypothesis
enterprise,"diphthong monophthongization (Part IV Ch.5 Mistake 2)",vowel,"drill the rhotic vowel and final diphthong separately","primarily a Pronunciation-band risk at this word's frequency",Hypothesis
shareholder,"compound noun stress applied incorrectly (new pattern)",stress,"drill the compound stress explicitly: strong SHARE, weaker -holder","as a compound noun, primary stress belongs on the first element",Hypothesis
stakeholder,"compound noun stress applied incorrectly (new pattern)",stress,"drill the compound stress explicitly, then each segmental target","same compound-stress rule as shareholder",Hypothesis
region,"low documented risk",none,"confirm stress on syllable 1 against a dictionary","low risk overall",Hypothesis
regional,"syllable-final /l/ weakening (Part IV Ch.1 Mistake 5)",consonant,"drill final '-nəl' maintaining full alveolar contact for /l/","primarily a Pronunciation-band risk",Hypothesis
rural,"syllable-final /l/ weakening; repeated /r/ challenge (Part IV Ch.1 Mistake 5)","consonant","drill both /r/ sounds distinctly, then the final /l/","forms a natural contrast pair with urban",Hypothesis
urban,"rhotic-vowel under-production (Part II Ch.3)",vowel,"drill the rhotic vowel explicitly","forms a natural contrast pair with rural",Hypothesis
suburb,"rhotic-vowel under-production (Part II Ch.3)",vowel,"drill the rhotic vowel explicitly","low risk; primarily a Pronunciation-band item",Hypothesis
municipal,"syllable-final /l/ weakening; /mj/ glide dropped (Part IV Ch.1 Mistake 5)","consonant","drill the /mj/ glide and final '-pəl' separately","two risk sources in a moderately high-frequency word",Hypothesis
residential,"z→s devoicing risk; syllable-final /l/ weakening (same flagged extension as reasonable)","consonant","break into syllable groups; drill /z/ and final '-ʃəl' separately","high frequency in urban-planning-topic Read Aloud content",Hypothesis
territory,"rhotic-vowel under-production at two positions (Part II Ch.3)",vowel,"drill both rhotic vowels separately before combining","two rhotic sites raise combined Pronunciation-band risk",Hypothesis
boundary,"diphthong monophthongization (Part IV Ch.5 Mistake 2)",vowel,"exaggerate the /aʊ/ glide before natural-speed shadowing","primarily a Pronunciation-band risk at this word's frequency",Hypothesis
coastal,"diphthong monophthongization; syllable-final /l/ weakening (Part IV Ch.5 Mistake 2, Ch.1 Mistake 5)","vowel, consonant","drill the diphthong and final '-təl' separately","two compounding error-prone segments",Hypothesis
media,"low documented risk",none,"confirm stress on syllable 1 against a dictionary","low risk overall",Hypothesis
journalism,"z→s devoicing risk (same flagged extension as organism)",consonant,"drill the rhotic vowel and /z/ separately","high frequency in media-topic Read Aloud content",Hypothesis
journalist,"consonant cluster simplification (Part IV Ch.1 Mistake 4)",consonant,"drill the rhotic vowel and final cluster separately","high frequency in media-topic Read Aloud content",Hypothesis
broadcast,"consonant cluster simplification at two sites; compound noun stress (Part IV Ch.1 Mistake 4)","consonant, stress","drill '-br-' and final '-dkæst' separately","two cluster sites in a high-frequency media word",Hypothesis
publication,"consonant cluster simplification; equal stress (Part IV Ch.1 Mistake 4, Ch.2 Mistake 1)","consonant, stress","break into syllable groups; confirm stress before -tion","second concrete -tion shift-from-base-verb example after organize",Hypothesis
publish,"consonant cluster simplification (Part IV Ch.1 Mistake 4)",consonant,"drill '-pl-' as a continuous sequence","compare with publication to see the -tion stress shift",Hypothesis
entertainment,"diphthong monophthongization; consonant cluster simplification (Part IV Ch.5 Mistake 2, Ch.1 Mistake 4)","vowel, consonant","break into syllable groups; drill diphthong and final cluster separately","several risk sources in a very high-frequency media-topic word",Hypothesis
audience,"consonant cluster simplification (Part IV Ch.1 Mistake 4)",consonant,"drill the final '-ns' cluster without an inserted vowel","very high frequency in media/entertainment-topic content",Hypothesis
advertisement,"v→w substitution; mixing GA/RP forms (Part IV Ch.1 Mistake 2)",consonant,"drill /v/ explicitly; confirm consistent GA stress form","pick one consistent accent-model form rather than mixing",Hypothesis
advertise,"v→w substitution; diphthong monophthongization (Part IV Ch.1 Mistake 2, Ch.5 Mistake 2)","consonant, vowel","drill /v/ and the final diphthong separately","two compounding error-prone segments",Hypothesis
platform,"consonant cluster simplification (Part IV Ch.1 Mistake 4)",consonant,"drill '-pl-' and the rhotic vowel separately","very high frequency in technology-topic Read Aloud/Essay content",Hypothesis
network,"rhotic-vowel under-production; compound noun stress (Part II Ch.3)",vowel,"drill the compound stress explicitly, then the rhotic vowel","clear short compound-stress example: strong NET, weaker -work",Hypothesis
digital,"syllable-final /l/ weakening (Part IV Ch.1 Mistake 5)",consonant,"drill final '-təl' maintaining full alveolar contact for /l/","very high frequency in technology-topic content",Hypothesis
software,"consonant cluster simplification; compound noun stress (Part IV Ch.1 Mistake 4)","consonant, stress","drill the compound stress explicitly, then the initial cluster","contrast directly with hardware",Hypothesis
hardware,"rhotic-vowel under-production; compound noun stress (Part II Ch.3)",vowel,"drill the compound stress explicitly, then the rhotic vowel","same compound-stress pattern as software",Hypothesis
interface,"diphthong monophthongization (Part IV Ch.5 Mistake 2)",vowel,"drill the rhotic vowel and final diphthong separately","high frequency in technology-topic Read Aloud content",Hypothesis
database,"diphthong monophthongization at two sites; compound noun stress (Part IV Ch.5 Mistake 2)","vowel, stress","drill the compound stress, then both diphthongs separately","compound stress plus two diphthongs make this high-value",Hypothesis
server,"v→w substitution (Part IV Ch.1 Mistake 2)",consonant,"drill /v/ and both rhotic vowels separately","two rhotic sites plus /v/ raise combined risk",Hypothesis
bandwidth,"θ→s substitution, first word-final-position example; compound noun stress (Part IV Ch.1 Mistake 1)","consonant, stress","drill the final /θ/ in this word-final position specifically","third distinct environment for /θ/ substitution risk",Hypothesis
connectivity,"coda /v/ risk; equal stress; fourth -ity rule data point (extension of Part IV Ch.1 Mistake 2, Ch.2 Mistake 1)","consonant, stress","break into syllable groups; confirm stress before -ity","length and coda-/v/ pattern make this high-value",Hypothesis
law,low documented risk; high-frequency legal-topic word,none,confirm the vowel quality against a dictionary before shadowing,low risk overall,Hypothesis
legal,syllable-final /l/ weakening (Part IV Ch.1 Mistake 5),consonant,"drill final ""-gəl"" maintaining full alveolar contact for /l/",very high frequency in legal-topic content,Hypothesis
illegal,syllable-final /l/ weakening (Part IV Ch.1 Mistake 5),consonant,"drill alongside legal, confirming the shared stress position","il- prefix does not move stress off the root, confirmed against legal",Hypothesis
legislation,"diphthong monophthongization; equal stress (Part IV Ch.5 Mistake 2, Ch.2 Mistake 1)","vowel, stress","break into syllable groups; confirm stress falls immediately before ""-tion""",high frequency in policy-topic Read Aloud/Essay content,Hypothesis
legislature,diphthong monophthongization (Part IV Ch.5 Mistake 2),vowel,drill alongside legislation to feel the stress contrast,-ature does not pull stress the way -tion does,Hypothesis
justice,consonant cluster simplification (Part IV Ch.1 Mistake 4),consonant,"drill ""-st-"" as a continuous sequence",high frequency in legal/social-topic Essay content,Hypothesis
judge,word-final consonant deletion/epenthesis on a single final consonant (Part IV Ch.1 Mistake 3),consonant,drill the final /dʒ/ closure without an inserted vowel,low-to-medium risk; short word with a clear final-consonant target,Hypothesis
judicial,syllable-final /l/ weakening (Part IV Ch.1 Mistake 5),consonant,"drill final ""-ʃəl"" maintaining full alveolar contact for /l/",related in meaning to judge but not a direct root+suffix derivation,Hypothesis
court,rhotic-vowel under-production (Part II Ch.3),vowel,drill the rhotic vowel explicitly,low risk; primarily a Pronunciation-band item,Hypothesis
crime,"consonant cluster simplification; diphthong monophthongization (Part IV Ch.1 Mistake 4, Ch.5 Mistake 2)","consonant, vowel","drill ""-kr-"" and the diphthong separately",two compounding error-prone segments in a high-frequency word,Hypothesis
criminal,consonant cluster simplification; syllable-final /l/ weakening (Part IV Ch.1 Mistakes 4 and 5),consonant,"drill ""-kr-"" and final ""-nəl"" separately",two compounding error-prone segments in a high-frequency word,Hypothesis
offense,consonant cluster simplification (Part IV Ch.1 Mistake 4),consonant,"drill the final ""-ns"" cluster without an inserted vowel",primarily a Pronunciation-band risk at this word's frequency,Hypothesis
penalty,low documented risk; high-frequency legal-topic word,none,confirm stress on syllable 1 against a dictionary before shadowing,low risk overall,Hypothesis
punishment,consonant cluster simplification (Part IV Ch.1 Mistake 4),consonant,"drill the final ""-ʃmənt"" cluster without an inserted vowel",primarily a Pronunciation-band risk at this word's frequency,Hypothesis
enforcement,consonant cluster simplification (Part IV Ch.1 Mistake 4),"vowel, consonant",drill the rhotic vowel and final cluster separately,"high frequency in the fixed phrase ""law enforcement""",Hypothesis
regulation,"diphthong monophthongization; equal stress (Part IV Ch.5 Mistake 2, Ch.2 Mistake 1)","vowel, stress",say regulate and regulation in sequence to feel the stress shift,very high frequency in policy/business-topic Read Aloud/Essay content,Hypothesis
regulate,not a heavily documented Part IV pattern; the /gj/ glide is worth explicit attention,consonant,drill the /gj/ glide before the full word,compare with regulation to see the -tion stress shift,Hypothesis
authority,θ→s substitution (Part IV Ch.1 Mistake 1),"consonant, vowel","drill /θ/ tongue-between-teeth explicitly, then the rhotic vowel",very high frequency in policy/legal-topic content,Hypothesis
election,another -tion rule data point,stress,"confirm stress falls immediately before ""-tion""",very high frequency in politics-topic Read Aloud/Essay content,Hypothesis
candidate,consonant cluster simplification (Part IV Ch.1 Mistake 4),consonant,"drill ""-nd-"" as a continuous sequence",very high frequency in politics/employment-topic content,Hypothesis
campaign,diphthong monophthongization (Part IV Ch.5 Mistake 2),vowel,exaggerate the /eɪ/ glide before natural-speed shadowing,very high frequency in politics/marketing-topic content,Hypothesis
democracy,consonant cluster simplification (Part IV Ch.1 Mistake 4),consonant,say democracy and democratic in sequence to feel the stress shift,compare with democratic — another -ic family shift pair,Hypothesis
democratic,"consonant cluster simplification; wrong-syllable stress if -ic shift not applied (Part IV Ch.1 Mistake 4, Ch.2 Mistake 3)","consonant, stress","drill alongside democracy, exaggerating the stress-shift contrast",second concrete -ic family shift pair in this lexicon,Hypothesis
citizen,"z→s devoicing risk (same flagged extension as reasonable, Batch 4)",consonant,drill /z/ against /s/ explicitly,"compare with citizenship — -ship is stress-neutral, unlike every suffix tracked so far",Hypothesis
citizenship,z→s devoicing risk; consonant cluster simplification (Part IV Ch.1 Mistake 4),consonant,"drill alongside citizen, confirming the stress does not move","unlike -tion/-ic/-ity/-ical/-ial/-ee/-eer, the -ship suffix does not attract or shift stress",Hypothesis
constitution,"consonant cluster simplification; equal stress (Part IV Ch.1 Mistake 4, Ch.2 Mistake 1)","consonant, stress","break into syllable groups; confirm stress falls immediately before ""-tion""",high frequency in politics/government-topic Read Aloud content,Hypothesis
parliament,consonant cluster simplification (Part IV Ch.1 Mistake 4),"vowel, consonant",drill the rhotic vowel and final cluster separately,moderately high frequency in politics-topic Read Aloud content,Hypothesis
senate,low documented risk,none,confirm stress on syllable 1 against a dictionary before shadowing,low risk overall,Hypothesis
diplomat,consonant cluster simplification (Part IV Ch.1 Mistake 4),consonant,say diplomat and diplomatic in sequence to feel the stress shift,third -ic family shift pair alongside economy/economic and democracy/democratic,Hypothesis
diplomatic,"consonant cluster simplification; wrong-syllable stress if -ic shift not applied (Part IV Ch.1 Mistake 4, Ch.2 Mistake 3)","consonant, stress","drill alongside diplomat, exaggerating the stress-shift contrast",third concrete -ic family shift pair in this lexicon,Hypothesis
literature,"connects to Part II Ch.7 (Reduction), same pattern as temperature","vowel, reduction",compare a careful citation form against the natural compressed form,an over-articulated four-syllable version may sound less natural even with correct phonemes,Hypothesis
novel,syllable-final /l/ weakening (Part IV Ch.1 Mistake 5),consonant,"drill final ""-vəl"" maintaining full alveolar contact for /l/",primarily a Pronunciation-band risk,Hypothesis
poetry,diphthong monophthongization (Part IV Ch.5 Mistake 2),vowel,exaggerate the /oʊ/ glide before natural-speed shadowing,primarily a Pronunciation-band risk at this word's frequency,Hypothesis
author,θ→s substitution (Part IV Ch.1 Mistake 1),"consonant, vowel","drill /θ/ tongue-between-teeth explicitly, then the rhotic vowel",very high frequency in Read Aloud/Retell Lecture/Summarize Written Text contexts,Hypothesis
narrative,"coda /v/ risk, extension of Part IV Ch.1 Mistake 2 to coda position, ongoing since comprehensive (Batch 1)",consonant,drill the final /v/ explicitly,further data point for the coda-/v/ pattern,Hypothesis
fiction,"another -tion rule data point, this time with stress already on syllable 1",none,confirm stress on syllable 1 against a dictionary before shadowing,low risk overall,Hypothesis
character,"spelling-based mispronunciation — sixth silent/misleading-letter-pattern example (Greek-origin ""ch""=/k/), alongside process, knowledge, vehicle, psychology","consonant, spelling","verify the ""ch""=/k/ pattern against dictionary IPA before shadowing",a /tʃ/ pronunciation risks the word being misrecognized,Hypothesis
theater,θ→s substitution (Part IV Ch.1 Mistake 1),"consonant, vowel","drill /θ/ tongue-between-teeth explicitly, then the vowel sequence",high frequency in arts-topic Read Aloud content,Hypothesis
performance,consonant cluster simplification (Part IV Ch.1 Mistake 4),"vowel, consonant",drill both rhotic vowels and the final cluster,very high frequency across Essay/Describe Image performance-data contexts,Hypothesis
perform,rhotic-vowel under-production (Part II Ch.3),vowel,drill both rhotic vowels explicitly,low-to-medium risk; primarily a Pronunciation-band item,Hypothesis
exhibition,equal stress (Part IV Ch.2 Mistake 1); another -tion rule data point,stress,"break into syllable groups; confirm stress falls immediately before ""-tion""","related word exhibit shows English ""x"" spelling ambiguity (/gz/ rather than /ks/)",Hypothesis
gallery,low documented risk,none,confirm stress on syllable 1 against a dictionary before shadowing,low risk overall,Hypothesis
sculpture,consonant cluster simplification at two sites (Part IV Ch.1 Mistake 4),consonant,break into smaller sub-sequences before drilling at full speed,this word's dense clusters make it a high-value drilling target,Hypothesis
architecture,"same Greek-origin ""ch""=/k/ pattern as character — seventh spelling-mismatch example","consonant, spelling","verify the ""ch""=/k/ pattern against dictionary IPA before shadowing",a /tʃ/ pronunciation risks the word being misrecognized,Hypothesis
architect,"same Greek-origin ""ch""=/k/ pattern as character/architecture","consonant, spelling","verify the ""ch""=/k/ pattern against dictionary IPA before shadowing",a /tʃ/ pronunciation risks the word being misrecognized,Hypothesis
athlete,θ→s substitution (Part IV Ch.1 Mistake 1),consonant,drill /θ/ tongue-between-teeth explicitly,compare with athletic — fourth -ic family shift pair,Hypothesis
athletic,"θ→s substitution; wrong-syllable stress if -ic shift not applied (Part IV Ch.1 Mistake 1, Ch.2 Mistake 3)","consonant, stress","drill alongside athlete, exaggerating the stress-shift contrast",fourth concrete -ic family shift pair in this lexicon,Hypothesis
championship,consonant cluster simplification (Part IV Ch.1 Mistake 4),consonant,"drill the final ""-ʃɪp"" cluster without an inserted vowel","second confirmation that -ship does not shift stress, alongside citizenship",Hypothesis
tournament,consonant cluster simplification (Part IV Ch.1 Mistake 4),"vowel, consonant",drill the rhotic vowel and final cluster separately,moderately high frequency in sports-topic Read Aloud content,Hypothesis
stadium,diphthong monophthongization (Part IV Ch.5 Mistake 2),vowel,exaggerate the /eɪ/ glide before natural-speed shadowing,primarily a Pronunciation-band risk at this word's frequency,Hypothesis
spectator,"initial-cluster epenthesis; diphthong monophthongization (Part IV Ch.1 Mistake 4 extended to onset, Ch.5 Mistake 2)","consonant, vowel","drill ""-sp-"", the diphthong, and rhotic vowel as three separate targets",three risk sources in a moderately high-frequency sports-topic word,Hypothesis
leisure,"this lexicon's first /ʒ/ example — Mandarin lacks a direct phonemic equivalent, and this specific substitution pattern is not directly documented in Part IV",consonant,isolate /ʒ/ by contrasting it with /ʃ/ before attempting the full word,a substituted /ʒ/ may or may not obscure the word depending on the substitute chosen; flagged as an open question,Hypothesis
hobby,low documented risk,none,confirm stress on syllable 1 against a dictionary before shadowing,low risk overall,Hypothesis
recreation,"diphthong monophthongization; equal stress (Part IV Ch.5 Mistake 2, Ch.2 Mistake 1)","vowel, stress","break into syllable groups; confirm stress falls immediately before ""-tion""",moderately high frequency in leisure-topic Read Aloud content,Hypothesis
tourism,"z→s devoicing risk (same flagged extension as reasonable, Batch 4)","vowel, consonant",drill the rhotic vowel and /z/ separately,high frequency in travel-topic Read Aloud/Essay content,Hypothesis
tourist,consonant cluster simplification (Part IV Ch.1 Mistake 4),"vowel, consonant",drill the rhotic vowel and final cluster separately,very high frequency in travel-topic Read Aloud/Essay content,Hypothesis
destination,"diphthong monophthongization; equal stress (Part IV Ch.5 Mistake 2, Ch.2 Mistake 1)","vowel, stress","break into syllable groups; confirm stress falls immediately before ""-tion""",very high frequency in travel-topic Read Aloud/Essay content,Hypothesis
accommodation,"a spelling-based over-articulation risk — doubled consonant letters represent a single sound in English; diphthong monophthongization; equal stress (Part IV Ch.5 Mistake 2, Ch.2 Mistake 1)","spelling, vowel, stress","verify the doubled letters (""cc"", ""mm"") each represent one sound, not two",this word's length and unusual spelling make it a high-value drilling target,Hypothesis
itinerary,"diphthong monophthongization; equal stress (Part IV Ch.5 Mistake 2, Ch.2 Mistake 1)","vowel, stress",break into syllable groups; mark stress explicitly before natural-speed shadowing,this word's length makes it a high-value drilling target relative to its frequency,Hypothesis
souvenir,v→w substitution (Part IV Ch.1 Mistake 2); wrong-syllable stress if final-stress pattern not applied,"consonant, stress",drill /v/ explicitly; confirm primary stress lands on the final syllable,compare with entrepreneur (Batch 8) for the same French-origin final-stress pattern,Hypothesis
experiment,"consonant cluster simplification, two sites (Part IV Ch.1 Mistake 4)",consonant,drill the initial and final clusters separately,very high frequency in science-topic Read Aloud/Retell Lecture content,Hypothesis
laboratory,"connects to Part II Ch.7 (Reduction), third data point after temperature, literature","reduction, vowel",compare a careful citation form against the natural compressed form,an over-articulated version may sound less natural even with correct phonemes,Hypothesis
observe,"coda /v/ risk, extension of Part IV Ch.1 Mistake 2; z→s devoicing risk",consonant,drill the final /v/ and medial /z/ separately,compare with observation for the -tion stress shift,Hypothesis
observation,"diphthong monophthongization; equal stress (Part IV Ch.5 Mistake 2, Ch.2 Mistake 1)","vowel, stress",break into syllable groups; confirm stress before -tion,high frequency in science-topic Read Aloud/Retell Lecture content,Hypothesis
sample,syllable-final /l/ weakening; consonant cluster simplification (Part IV Ch.1 Mistakes 4 and 5),consonant,"drill ""-mp-"" and the final ""-pəl"" separately",high frequency in research-methodology content,Hypothesis
survey,"noun/verb stress-shift pattern (Part II Ch.4), joining record/present, increase/decrease, impact, contrast",stress,"drill both stress patterns, contrasting noun vs verb use",a misapplied stress pattern may shift the perceived part of speech,Hypothesis
questionnaire,wrong-syllable stress if final-stress pattern not applied; consonant cluster simplification (Part IV Ch.1 Mistake 4),"stress, consonant",drill the medial cluster; confirm primary stress on the final syllable,compare with entrepreneur and souvenir for the same final-stress loanword pattern,Hypothesis
verify,diphthong monophthongization; v→w substitution risk (Part IV Ch.1 Mistake 2),"vowel, consonant",drill /v/ onset and the final diphthong separately,compare with verification for the -tion stress shift,Hypothesis
verification,"diphthong monophthongization; equal stress (Part IV Ch.5 Mistake 2, Ch.2 Mistake 1)","vowel, stress",break into syllable groups; confirm stress before -tion,fifth concrete -tion shift-from-base-word pair in this lexicon,Hypothesis
replicate,"consonant cluster simplification; diphthong monophthongization (Part IV Ch.1 Mistake 4, Ch.5 Mistake 2)","consonant, vowel","drill ""-pl-"" and the diphthong separately",moderately common in academic/science-topic content,Hypothesis
empirical,syllable-final /l/ weakening (Part IV Ch.1 Mistake 5),consonant,"drill final ""-kəl"" maintaining full alveolar contact for /l/","second -ical family example, joining historical (Batch 7)",Hypothesis
quantitative,"coda /v/ risk, joining cognitive, competitive, narrative; diphthong monophthongization","consonant, vowel",drill the final /v/ explicitly,"minimal-pair companion to qualitative, echoing quantity/quality (Batch 7)",Hypothesis
qualitative,coda /v/ risk,consonant,"drill the final /v/ explicitly, contrasting with quantitative",second coda-/v/ data point in this minimal-pair-style entry,Hypothesis
statistic,"consonant cluster simplification, two sites (Part IV Ch.1 Mistake 4)",consonant,drill both consonant clusters separately,common in Essay/Describe Image data-citation content,Hypothesis
statistics,"consonant cluster simplification, three sites total (Part IV Ch.1 Mistake 4)",consonant,"drill the final ""-ks"" cluster without an inserted vowel",common in academic/education-topic content,Hypothesis
scientist,"diphthong monophthongization; consonant cluster simplification (Part IV Ch.5 Mistake 2, Ch.1 Mistake 4)","vowel, consonant",drill the diphthong and final cluster separately,very high frequency in Read Aloud/Retell Lecture science-topic content,Hypothesis
discovery,consonant cluster simplification (Part IV Ch.1 Mistake 4),consonant,"drill ""-sk-"" as a continuous sequence",high frequency in science-topic Read Aloud/Retell Lecture content,Hypothesis
discover,consonant cluster simplification; rhotic-vowel under-production,"consonant, vowel","drill ""-sk-"" and the rhotic vowel separately",stress-stability pair alongside manage/management (Batch 6),Hypothesis
invention,another -tion rule data point,none,confirm stress falls immediately before -tion,low risk overall,Hypothesis
invent,consonant cluster simplification (Part IV Ch.1 Mistake 4),consonant,"drill the final ""-nt"" cluster without an inserted vowel",low risk overall,Hypothesis
breakthrough,θ→s substitution (Part IV Ch.1 Mistake 1); consonant cluster simplification,consonant,"drill /θ/ tongue-between-teeth explicitly, then the medial cluster","another compound-noun-stress example, joining network, software, bandwidth (Batch 8)",Hypothesis
prototype,diphthong monophthongization at two sites (Part IV Ch.5 Mistake 2),vowel,drill both diphthongs separately,common in technology/engineering-topic content,Hypothesis
simulate,"glide-cluster risk, compare regulate (Batch 9); diphthong monophthongization","consonant, vowel",drill the /mj/ glide before the full word,compare with simulation for the -tion stress shift,Hypothesis
simulation,"diphthong monophthongization; equal stress (Part IV Ch.5 Mistake 2, Ch.2 Mistake 1)","vowel, stress",break into syllable groups; confirm stress before -tion,sixth concrete -tion shift-from-base-word pair in this lexicon,Hypothesis
calculate,glide-cluster risk; diphthong monophthongization,"consonant, vowel",drill the /kj/ glide before the full word,compare with calculation for the -tion stress shift,Hypothesis
calculation,"diphthong monophthongization; equal stress (Part IV Ch.5 Mistake 2, Ch.2 Mistake 1)","vowel, stress",break into syllable groups; confirm stress before -tion,seventh concrete -tion shift-from-base-word pair in this lexicon,Hypothesis
measurement,"/ʒ/ substitution risk, second data point after leisure (Batch 9); consonant cluster simplification",consonant,isolate /ʒ/ by contrasting it with /ʃ/ before the full word,see leisure's entry for the same open question on /ʒ/ substitution,Hypothesis
measure,"/ʒ/ substitution risk, third data point after leisure and measurement",consonant,isolate /ʒ/ before drilling the full word,"compare with measurement, same root, same /ʒ/ target",Hypothesis
assess,low documented risk; high-frequency academic word,none,confirm stress on syllable 2 against a dictionary before shadowing,low risk overall,Hypothesis
assessment,consonant cluster simplification (Part IV Ch.1 Mistake 4),consonant,"drill the final ""-smənt"" cluster without an inserted vowel",very high frequency across education/PTE-topic content,Hypothesis
household,diphthong monophthongization at two sites (Part IV Ch.5 Mistake 2),vowel,drill both diphthongs separately,"another compound-noun-stress example, joining network/bandwidth (Batch 8) and breakthrough",Hypothesis
family,"connects to Part II Ch.7 (Reduction), fourth data point after temperature, literature, laboratory",reduction,compare a careful citation form against the natural compressed form,an over-articulated three-syllable version may sound less natural even with correct phonemes,Hypothesis
relative,"coda /v/ risk, extension of Part IV Ch.1 Mistake 2",consonant,drill the final /v/ explicitly,further data point for the coda-/v/ pattern,Hypothesis
sibling,velar nasal /ŋ/ reduced to /n/ — first flagged example of this mechanism in this lexicon,consonant,isolate /ŋ/ by contrasting it explicitly with /n/ before the full word,"an /n/ substitution for /ŋ/ may reduce recognition confidence on this short, high-frequency word",Hypothesis
parent,consonant cluster simplification (Part IV Ch.1 Mistake 4),consonant,drill the rhotic vowel and final cluster together,very high frequency in family/education-topic content,Hypothesis
spouse,initial-cluster epenthesis (Part IV Ch.1 Mistake 4 extended to onset); diphthong monophthongization,"consonant, vowel","drill ""-sp-"" and the diphthong separately",two compounding error-prone segments in a short word,Hypothesis
marriage,word-final consonant deletion/epenthesis on a single final consonant (Part IV Ch.1 Mistake 3),consonant,drill the final /dʒ/ closure without an inserted vowel,low-to-medium risk; short word with a clear final-consonant target,Hypothesis
divorce,v→w substitution (Part IV Ch.1 Mistake 2),consonant,"drill /v/ against /w/ explicitly, then the rhotic vowel",primarily a Pronunciation-band risk at this word's frequency,Hypothesis
childhood,diphthong monophthongization; consonant cluster simplification,"vowel, consonant",drill the diphthong and medial cluster separately,"another compound-noun-stress example, joining household",Hypothesis
elderly,consonant cluster simplification (Part IV Ch.1 Mistake 4),consonant,"drill ""-ld-"" and the rhotic vowel separately",common in health/social-topic Essay content,Hypothesis
guardian,rhotic-vowel under-production (Part II Ch.3),vowel,drill the rhotic vowel explicitly,low risk; primarily a Pronunciation-band item,Hypothesis
upbringing,"velar nasal /ŋ/ reduced to /n/, second data point after sibling, at two syllable positions; consonant cluster simplification",consonant,isolate both /ŋ/ instances before drilling the full word,two /ŋ/ targets in one word make this a high-value drilling target,Hypothesis
ancestor,"consonant cluster simplification, two sites (Part IV Ch.1 Mistake 4)",consonant,drill both medial clusters separately,moderate frequency in history/family-topic content,Hypothesis
descendant,"consonant cluster simplification, two sites (Part IV Ch.1 Mistake 4)",consonant,drill both clusters separately,compare with ancestor as a related pair,Hypothesis
diet,diphthong monophthongization (Part IV Ch.5 Mistake 2),vowel,exaggerate the /aɪ/ glide before natural-speed shadowing,high frequency in health-topic Essay content,Hypothesis
appetite,diphthong monophthongization (Part IV Ch.5 Mistake 2),vowel,exaggerate the final /aɪ/ glide before natural-speed shadowing,primarily a Pronunciation-band risk at this word's frequency,Hypothesis
allergy,rhotic-vowel under-production (Part II Ch.3),vowel,drill the rhotic vowel and medial cluster together,common in health-topic content,Hypothesis
therapy,θ→s substitution (Part IV Ch.1 Mistake 1),"consonant, vowel","drill /θ/ tongue-between-teeth explicitly, then the rhotic vowel",compare with therapist — stress does not move,Hypothesis
therapist,"θ→s substitution; consonant cluster simplification (Part IV Ch.1 Mistake 1, Mistake 4)",consonant,drill /θ/ and the final cluster separately,compare with therapy to confirm shared stress,Hypothesis
hospital,syllable-final /l/ weakening; consonant cluster simplification (Part IV Ch.1 Mistakes 4 and 5),consonant,"drill ""-sp-"" and the final ""-təl"" separately",very high frequency in health-topic content,Hypothesis
clinic,consonant cluster simplification (Part IV Ch.1 Mistake 4),consonant,"drill ""-kl-"" as a continuous sequence",common in health-topic Read Aloud content,Hypothesis
patient,diphthong monophthongization (Part IV Ch.5 Mistake 2),vowel,exaggerate the /eɪ/ glide before natural-speed shadowing,"a homograph with identical pronunciation across both meanings, contrast with survey's noun/verb stress shift",Hypothesis
physician,"spelling ""ph""=/f/ pattern (generally low risk); z→s devoicing risk","spelling, consonant","confirm the ""ph""=/f/ spelling and drill the medial /z/","first -cian example in this lexicon, showing the -tion rule extends to this suffix spelling",Hypothesis
surgeon,rhotic-vowel under-production (Part II Ch.3),vowel,drill the rhotic vowel explicitly,low-to-medium risk; primarily a Pronunciation-band item,Hypothesis
prescription,"consonant cluster simplification, dense cluster (compare sculpture, Batch 9)",consonant,"break ""-skr-"" into smaller sub-sequences before drilling at full speed",this word's dense initial cluster makes it a high-value drilling target,Hypothesis
medication,"diphthong monophthongization; equal stress (Part IV Ch.5 Mistake 2, Ch.2 Mistake 1)","vowel, stress",break into syllable groups; confirm stress before -tion,very high frequency in health-topic content,Hypothesis
recovery,low documented risk,none,confirm stress on syllable 2 against a dictionary before shadowing,common in health/economics-topic content,Hypothesis
rehabilitation,"equal stress, an extreme case given word length (Part IV Ch.2 Mistake 1); diphthong monophthongization","stress, vowel",break into syllable groups; mark all three stress levels before natural-speed shadowing,this word's exceptional length makes it the highest-value drilling target in this batch for the equal-stress risk,Hypothesis
wellness,low documented risk,none,confirm stress on syllable 1 against a dictionary before shadowing,low risk overall,Hypothesis
hygiene,"diphthong monophthongization; spelling-based risk (final ""-ene"" does not sound as its letters might suggest)","vowel, spelling","exaggerate the /aɪ/ glide, then confirm the final syllable against a dictionary",a related but distinct case from the silent-letter thread tracked elsewhere in this lexicon,Hypothesis
airport,"rhotic-vowel under-production, two sites (Part II Ch.3)",vowel,drill both rhotic vowels separately,"a compound-noun-stress example, joining network, bandwidth (Batch 8)",Hypothesis
passenger,consonant cluster simplification (Part IV Ch.1 Mistake 4),consonant,drill the medial cluster and rhotic vowel separately,high frequency in travel-topic Read Aloud content,Hypothesis
luggage,word-final consonant deletion/epenthesis on a single final consonant (Part IV Ch.1 Mistake 3),consonant,drill the final /dʒ/ closure without an inserted vowel,low-to-medium risk; short word with a clear final-consonant target,Hypothesis
departure,consonant cluster simplification (Part IV Ch.1 Mistake 4),consonant,drill the rhotic vowel and medial cluster together,high frequency in travel-topic content,Hypothesis
arrival,"diphthong monophthongization; syllable-final /l/ weakening (Part IV Ch.5 Mistake 2, Ch.1 Mistake 5)","vowel, consonant","drill the diphthong and final ""-vəl"" separately",high frequency in travel-topic content,Hypothesis
boarding,"velar nasal /ŋ/ reduced to /n/, third data point after sibling, upbringing (Batch 10)",consonant,isolate /ŋ/ by contrasting it with /n/ before the full word,compare with sibling and upbringing for the same /ŋ/ target,Hypothesis
terminal,syllable-final /l/ weakening (Part IV Ch.1 Mistake 5),consonant,"drill the rhotic vowel and final ""-nəl"" together",common in travel-topic Read Aloud content,Hypothesis
customs,"consonant cluster simplification, two sites (Part IV Ch.1 Mistake 4)",consonant,drill both consonant clusters separately,distinct from the singular custom (tradition) — a meaning caution,Hypothesis
immigration,"diphthong monophthongization; equal stress (Part IV Ch.5 Mistake 2, Ch.2 Mistake 1)","vowel, stress",break into syllable groups; confirm stress before -tion,moderately high frequency in travel/politics-topic content,Hypothesis
passport,consonant cluster simplification (Part IV Ch.1 Mistake 4),consonant,"drill ""-sp-"" and the rhotic vowel together","a compound-noun-stress example, joining airport",Hypothesis
transit,consonant cluster simplification; z→s devoicing risk (Part IV Ch.1 Mistake 4),consonant,"drill ""-tr-"" and the medial /z/ separately",common in travel/urban-planning-topic content,Hypothesis
delay,diphthong monophthongization (Part IV Ch.5 Mistake 2),vowel,exaggerate the /eɪ/ glide before natural-speed shadowing,very high frequency in travel-topic content,Hypothesis
route,"GA-vs-variant caution, not a true error — joins finance/financial, vaccine, advertisement, controversial",vowel,confirm which variant your source dictionary lists before drilling,both pronunciations are attested in GA dictionaries; either should be acceptable,Hypothesis
traffic,consonant cluster simplification (Part IV Ch.1 Mistake 4),consonant,"drill ""-tr-"" as a continuous sequence",distinct from trafficking (illegal trade) — a meaning caution,Hypothesis
congestion,"consonant cluster simplification, dense cluster (Part IV Ch.1 Mistake 4)",consonant,break the dense medial cluster into smaller sub-sequences,this word's dense cluster makes it a high-value drilling target,Hypothesis
weather,ð→d/z substitution — second explicit medial-/ð/ example after algorithm (Batch 7),consonant,"drill /ð/ tongue-between-teeth explicitly, then the rhotic vowel",very high frequency across nearly all Read Aloud/Essay topics,Hypothesis
forecast,consonant cluster simplification (Part IV Ch.1 Mistake 4),consonant,drill the rhotic vowel and final cluster together,another compound-noun-stress example,Hypothesis
humidity,equal stress (Part IV Ch.2 Mistake 1); glide-cluster risk,"stress, consonant","drill the /hj/ glide, then confirm stress falls before -ity","fifth -ity family data point, after sustainability, biodiversity (Batch 7) and connectivity (Batch 8)",Hypothesis
precipitation,"consonant cluster simplification; diphthong monophthongization; equal stress (Part IV Ch.1 Mistake 4, Ch.5 Mistake 2, Ch.2 Mistake 1)","consonant, vowel, stress",break into syllable groups; confirm stress before -tion,this word's length and cluster make it a high-value drilling target,Hypothesis
drought,"consonant cluster simplification; diphthong monophthongization (Part IV Ch.1 Mistake 4, Ch.5 Mistake 2)","consonant, vowel","drill ""-dr-"" and the diphthong together",common in environment-topic Essay content,Hypothesis
flood,consonant cluster simplification (Part IV Ch.1 Mistake 4),consonant,"drill ""-fl-"" as a continuous sequence",common in environment-topic content,Hypothesis
hurricane,rhotic-vowel under-production; diphthong monophthongization,vowel,drill the rhotic vowel and final diphthong separately,common in environment/news-topic content,Hypothesis
thunderstorm,θ→s substitution (Part IV Ch.1 Mistake 1); consonant cluster simplification,consonant,break the dense medial cluster into smaller sub-sequences,another compound-noun-stress example,Hypothesis
wind,consonant cluster simplification (Part IV Ch.1 Mistake 4),consonant,"drill the final ""-nd"" cluster without an inserted vowel",common in weather-topic content,Hypothesis
rainfall,"diphthong monophthongization; syllable-final /l/ weakening (Part IV Ch.5 Mistake 2, Ch.1 Mistake 5)","vowel, consonant","drill the diphthong and final ""-fɔːl"" separately",another compound-noun-stress example,Hypothesis
storm,consonant cluster simplification (Part IV Ch.1 Mistake 4),consonant,"drill ""-st-"" and the rhotic vowel together",common in weather-topic content,Hypothesis
disaster,"z→s devoicing risk (same flagged extension as reasonable, Batch 4)",consonant,drill medial /z/ and the rhotic vowel separately,common in environment/news-topic content,Hypothesis
earthquake,"θ→s substitution; diphthong monophthongization (Part IV Ch.1 Mistake 1, Ch.5 Mistake 2)","consonant, vowel",break /θkw/ into smaller sub-sequences before drilling at full speed,"another compound-noun-stress example, with a dense /θkw/ onset cluster at the seam",Hypothesis
wildfire,diphthong monophthongization at two sites; consonant cluster simplification,"vowel, consonant",drill both diphthongs and the medial cluster,another compound-noun-stress example,Hypothesis
tornado,diphthong monophthongization at two sites (Part IV Ch.5 Mistake 2),vowel,drill the rhotic vowel and both diphthongs,common in environment/news-topic content,Hypothesis
interview,"glide-cluster risk, joining regulate, simulate, calculate (Batches 9-10)",consonant,drill the /vj/ glide before the full word,very high frequency in employment-topic content,Hypothesis
resume,"heteronym caution — same spelling, unrelated words, distinct from noun/verb stress-shift pairs like survey (Batch 10)",stress,"drill both pronunciations separately, tied to their distinct meanings","the wrong pronunciation for context may register as a different, unintended word",Hypothesis
application,"diphthong monophthongization; equal stress (Part IV Ch.5 Mistake 2, Ch.2 Mistake 1)","vowel, stress",break into syllable groups; confirm stress before -tion,very high frequency across employment and technology-topic content,Hypothesis
promotion,"diphthong monophthongization; consonant cluster simplification (Part IV Ch.5 Mistake 2, Ch.1 Mistake 4)","vowel, consonant","drill ""-pr-"" and the diphthong separately",high frequency in employment/marketing-topic content,Hypothesis
recruit,consonant cluster simplification (Part IV Ch.1 Mistake 4),consonant,"drill ""-kr-"" as a continuous sequence",common in employment-topic content,Hypothesis
recruitment,consonant cluster simplification (Part IV Ch.1 Mistake 4),consonant,"drill the final ""-tmənt"" cluster without an inserted vowel",common in employment/HR-topic content,Hypothesis
onboarding,"velar nasal /ŋ/ reduced to /n/, fourth data point after sibling, upbringing, boarding",consonant,isolate /ŋ/ before drilling the full word,a modern business-English compound; recent enough that AI training data coverage may vary,Hypothesis
teamwork,rhotic-vowel under-production (Part II Ch.3),vowel,drill the rhotic vowel explicitly,another compound-noun-stress example,Hypothesis
freelance,consonant cluster simplification (Part IV Ch.1 Mistake 4),consonant,"drill the final ""-ns"" cluster without an inserted vowel",increasingly common in employment-topic content,Hypothesis
remote,diphthong monophthongization (Part IV Ch.5 Mistake 2),vowel,exaggerate the /oʊ/ glide before natural-speed shadowing,high frequency in modern employment-topic content,Hypothesis
overtime,diphthong monophthongization at two sites (Part IV Ch.5 Mistake 2),vowel,drill both diphthongs separately,another compound-noun-stress example,Hypothesis
appraisal,"consonant cluster simplification; diphthong monophthongization; syllable-final /l/ weakening (Part IV Ch.1 Mistakes 4 and 5, Ch.5 Mistake 2)","consonant, vowel","drill ""-pr-"", the diphthong, and final ""-zəl"" as three separate targets",three risk sources in a moderately common workplace-topic word,Hypothesis
feedback,consonant cluster simplification (Part IV Ch.1 Mistake 4),consonant,"drill ""-db-"" as a continuous sequence",very high frequency across education/employment-topic content,Hypothesis
mentor,consonant cluster simplification (Part IV Ch.1 Mistake 4),consonant,"drill ""-nt-"" and the rhotic vowel together",common in education/employment-topic content,Hypothesis
internship,consonant cluster simplification (Part IV Ch.1 Mistake 4),consonant,drill the dense medial region and rhotic vowel together,"third confirmation that -ship is stress-neutral, after citizenship, championship (Batch 9)",Hypothesis
password,consonant cluster simplification (Part IV Ch.1 Mistake 4),consonant,"drill ""-sw-"" and the rhotic vowel together",another compound-noun-stress example,Hypothesis
username,z→s devoicing risk; diphthong monophthongization,"consonant, vowel",drill the medial /z/ and diphthong separately,another compound-noun-stress example,Hypothesis
upload,diphthong monophthongization (Part IV Ch.5 Mistake 2),vowel,exaggerate the /oʊ/ glide before natural-speed shadowing,compare with download — its stress is more consistently front-loaded,Hypothesis
download,diphthong monophthongization at two sites (Part IV Ch.5 Mistake 2),vowel,drill both diphthongs separately,another compound-noun-stress example,Hypothesis
browser,diphthong monophthongization; z→s devoicing risk,"vowel, consonant",drill the diphthong and medial /z/ separately,common in technology-topic content,Hypothesis
website,diphthong monophthongization; consonant cluster simplification,"vowel, consonant",drill the medial cluster and diphthong together,very high frequency across nearly all modern topics,Hypothesis
encryption,consonant cluster simplification (Part IV Ch.1 Mistake 4),consonant,"drill ""-kr-"" as a continuous sequence",moderately common in technology-topic content,Hypothesis
cybersecurity,"diphthong monophthongization; equal stress; glide-cluster risk (Part IV Ch.5 Mistake 2, Ch.2 Mistake 1)","vowel, stress, consonant",break into syllable groups; confirm stress before -ity,"sixth -ity family data point, in this lexicon's longest compound word so far",Hypothesis
malware,rhotic-vowel under-production (Part II Ch.3),vowel,drill the rhotic vowel explicitly,"another compound-noun-stress example, joining software (Batch 8)",Hypothesis
firewall,diphthong monophthongization,vowel,drill the diphthong before the full word,another compound-noun-stress example,Hypothesis
cloud,"consonant cluster simplification; diphthong monophthongization (Part IV Ch.1 Mistake 4, Ch.5 Mistake 2)","consonant, vowel","drill ""-kl-"" and the diphthong together",very common in modern technology-topic content,Hypothesis
streaming,"consonant cluster simplification; velar nasal /ŋ/ reduced to /n/, fifth data point after sibling, upbringing, boarding, onboarding",consonant,"drill ""-str-"" and isolate /ŋ/ before the full word",very common in entertainment/technology-topic content,Hypothesis
subscription,"consonant cluster simplification, dense cluster (compare prescription, Batch 10)",consonant,break the dense cluster into smaller sub-sequences,very common in entertainment/technology-topic content,Hypothesis
app,low documented risk,none,confirm the final /p/ closure against a dictionary before shadowing,extremely high frequency in modern technology-topic content,Hypothesis
notification,"diphthong monophthongization at two sites; equal stress (Part IV Ch.5 Mistake 2, Ch.2 Mistake 1)","vowel, stress",break into syllable groups; confirm stress before -tion,very common in technology-topic content,Hypothesis
anxious,"velar nasal /ŋ/ reduced to /n/, sixth data point after sibling, upbringing, boarding, onboarding, streaming; consonant cluster simplification",consonant,isolate /ŋ/ before drilling the dense cluster,very high frequency in Respond to a Situation/Essay emotional-topic content,Hypothesis
anxiety,"velar nasal /ŋ/ reduced to /n/, seventh data point; z→s devoicing risk; diphthong monophthongization","consonant, vowel","isolate /ŋ/ and /z/ separately, then the diphthong","a new stress-shift mechanism distinct from -tion/-ic: an adjective, not a verb, is the base form",Hypothesis
confident,consonant cluster simplification (Part IV Ch.1 Mistake 4),consonant,drill the final cluster without an inserted vowel,very high frequency across nearly all Speaking-topic content,Hypothesis
confidence,consonant cluster simplification (Part IV Ch.1 Mistake 4),consonant,"drill the final cluster, contrasting with confident's ""-dənt""","a stress-stable pair: -ent/-ence does not shift stress, unlike -tion/-ic/-ity/-ety",Hypothesis
enthusiastic,θ→s substitution (Part IV Ch.1 Mistake 1); z→s devoicing risk; wrong-syllable stress if -ic shift not applied (Part IV Ch.2 Mistake 3),"consonant, stress",drill /θ/ and medial /z/ separately before the full word,"fifth concrete -ic family shift pair, after economy/economic, democracy/democratic, diplomat/diplomatic, athlete/athletic",Hypothesis
enthusiasm,θ→s substitution; z→s devoicing risk at two sites (Part IV Ch.1 Mistake 1),consonant,drill /θ/ and both /z/ instances separately,compare with enthusiastic for the -ic stress shift,Hypothesis
curious,"glide-cluster risk (compare regulate, simulate, calculate, interview)",consonant,"drill the /kj/ glide, then the rhotic vowel",compare with curiosity for the shift mechanism,Hypothesis
curiosity,glide-cluster risk; equal stress (Part IV Ch.2 Mistake 1),"consonant, stress",break into syllable groups; confirm stress falls before -ity,"seventh -ity family data point, after sustainability, biodiversity, connectivity, humidity, cybersecurity",Hypothesis
ambitious,consonant cluster simplification (Part IV Ch.1 Mistake 4),consonant,"drill ""-mb-"" as a continuous sequence",common in career/goal-topic Essay content,Hypothesis
ambition,consonant cluster simplification (Part IV Ch.1 Mistake 4),consonant,"drill ""-mb-"" as a continuous sequence","a second stress-stable pair, unlike most -tion words in this lexicon",Hypothesis
humble,syllable-final /l/ weakening; consonant cluster simplification (Part IV Ch.1 Mistakes 4 and 5),consonant,"drill final ""-bəl"" and the medial cluster","compare with humility — a different stem shape, same shift mechanism",Hypothesis
humility,glide-cluster risk; equal stress (Part IV Ch.2 Mistake 1),"consonant, stress","drill the /hj/ glide, then confirm stress falls before -ity","eighth -ity family data point, the last in this lexicon's initial 500-word build",Hypothesis
optimistic,"consonant cluster simplification; wrong-syllable stress if -ic shift not applied (Part IV Ch.1 Mistake 4, Ch.2 Mistake 3)","consonant, stress","drill both dense clusters, then confirm stress falls before -ic",sixth concrete -ic family shift pair in this lexicon,Hypothesis
optimism,z→s devoicing risk; consonant cluster simplification (Part IV Ch.1 Mistake 4),consonant,drill medial /z/ and the final cluster separately,compare with optimistic for the -ic stress shift,Hypothesis
resilient,z→s devoicing risk; glide-cluster risk,consonant,"drill medial /z/, the /lj/ glide, and the final cluster",common in personal-experience Essay/Respond to a Situation content,Hypothesis
resilience,z→s devoicing risk; glide-cluster risk; consonant cluster simplification,consonant,"drill medial /z/, the glide, and the final cluster","a third stress-stable -ent/-ence pair, alongside confident/confidence",Hypothesis
empathy,θ→s substitution (Part IV Ch.1 Mistake 1); consonant cluster simplification,consonant,"drill medial ""-mp-"", then /θ/",compare with empathetic for the -ic stress shift,Hypothesis
empathetic,"θ→s substitution; wrong-syllable stress if -ic shift not applied (Part IV Ch.1 Mistake 1, Ch.2 Mistake 3)","consonant, stress","drill /θ/, then confirm stress falls before -ic",seventh and final -ic family shift pair documented in this lexicon's first 500 words,Hypothesis
gratitude,"consonant cluster simplification, two sites (Part IV Ch.1 Mistake 4)",consonant,drill both consonant clusters separately,common in personal-reflection Essay/Respond to a Situation content,Hypothesis
grateful,"diphthong monophthongization; syllable-final /l/ weakening; consonant cluster simplification (Part IV Ch.5 Mistake 2, Ch.1 Mistakes 4 and 5)","vowel, consonant","drill the diphthong, then the dense final cluster",very high frequency in personal-reflection Essay/Respond to a Situation content — a natural closing word for this lexicon's final batch,Hypothesis
